start_protein,start_amino_acid,start_position,end_protein,end_amino_acid,end_position,bond_length
/A,ASP,18,/A,GLN,15,2.86
/A,HIS,19,/A,GLN,16,3.193
/A,LYS,22,/A,HIS,19,2.759
/A,GLN,23,/A,HIS,19,3.377
/A,GLU,25,/A,PHE,21,3.326
/A,GLU,26,/A,GLN,23,2.865
/A,ALA,29,/A,GLU,26,2.924
/A,LEU,30,/A,HIS,27,3.298
/A,VAL,32,/A,ALA,29,3.171
/A,GLU,33,/A,LEU,30,3.304
/A,CYS,57,/A,THR,56,2.669
/A,GLN,66,/A,SER,63,2.903
/A,GLY,70,/A,GLU,67,3.12
/A,ARG,73,/A,ARG,71,2.131
/A,GLY,86,/A,PHE,84,2.387
/A,CYS,89,/A,LEU,87,2.853
/A,LYS,123,/A,LYS,121,2.219
/A,LYS,127,/A,GLN,124,3.407
/A,LYS,134,/A,ASN,132,2.007
/A,LYS,146,/A,ASP,14,3.558
/A,LEU,154,/A,THR,150,3.312
/A,HIS,155,/A,ILE,151,3.055
/A,MET,156,/A,GLU,152,3.228
/A,MET,156,/A,LYS,153,3.177
/A,ILE,157,/A,LEU,154,2.961
/A,GLY,158,/A,HIS,155,2.941
/A,LEU,159,/A,LEU,154,2.783
/A,HIS,160,/A,HIS,155,3.189
/A,GLY,161,/B,GLU,983,2.555
/A,CYS,163,/B,GLU,983,2.283
/A,CYS,163,/B,LYS,979,3.37
/A,LEU,164,/A,ASP,162,3.142
/A,ASN,167,/A,GLU,165,3.009
/A,ASN,167,/A,GLY,278,3.34
/A,VAL,169,/A,ASN,167,2.914
/A,LEU,170,/A,ASN,167,3.439
/A,ARG,171,/A,ASN,167,3.025
/A,ARG,171,/A,GLU,293,3.328
/A,ARG,171,/A,GLU,165,2.719
/A,LEU,172,/A,ALA,168,2.921
/A,MET,173,/A,VAL,169,2.858
/A,ASN,174,/A,LEU,170,2.947
/A,LEU,175,/A,ARG,171,2.925
/A,PHE,176,/A,LEU,172,2.79
/A,ARG,177,/A,MET,173,2.992
/A,SER,178,/A,ASN,174,2.91
/A,SER,178,/B,ASN,58,2.486
/A,LEU,179,/A,LEU,175,2.949
/A,HIS,180,/A,PHE,176,2.996
/A,ASP,181,/A,ARG,177,3.053
/A,HIS,182,/A,SER,178,3.108
/A,LEU,183,/A,LEU,179,2.953
/A,THR,184,/A,HIS,180,3.09
/A,THR,184,/A,HIS,180,2.963
/A,THR,184,/A,ASP,181,3.324
/A,ALA,185,/A,HIS,182,3.428
/A,GLY,188,/A,ASP,186,2.764
/A,ASN,193,/A,SER,190,3.496
/A,SER,194,/A,ARG,191,3.026
/A,SER,194,/A,ARG,191,2.7
/A,MET,195,/A,GLN,192,2.996
/A,SER,197,/A,ASP,198,3.324
/A,TYR,199,/A,PRO,196,2.597
/A,PHE,201,/A,TYR,199,2.496
/A,SER,207,/A,SER,207,2.128
/A,THR,208,/A,LYS,206,3.248
/A,ASN,214,/A,SER,212,2.956
/A,ARG,216,/A,ASN,214,2.897
/A,TYR,217,/A,ASN,214,3.292
/A,GLN,218,/A,ASN,214,2.872
/A,GLN,218,/A,PRO,210,3.062
/A,GLN,218,/A,SER,212,2.71
/A,LEU,219,/A,VAL,215,2.871
/A,GLN,220,/A,ARG,216,2.892
/A,VAL,221,/A,TYR,217,3.023
/A,LEU,222,/A,GLN,218,2.947
/A,CYS,223,/A,LEU,219,2.822
/A,CYS,223,/A,LEU,219,3.211
/A,THR,224,/A,GLN,220,3.138
/A,THR,224,/A,GLN,220,3.048
/A,LYS,225,/A,VAL,221,3.099
/A,VAL,226,/A,LEU,222,2.82
/A,GLU,227,/A,CYS,223,2.941
/A,ARG,228,/A,THR,224,3.121
/A,PHE,229,/A,LYS,225,2.9
/A,LEU,230,/A,VAL,226,2.788
/A,VAL,231,/A,GLU,227,3.04
/A,GLN,232,/A,ARG,228,3.09
/A,GLN,233,/A,PHE,229,2.976
/A,ARG,234,/A,LEU,230,2.879
/A,ARG,235,/A,VAL,231,2.994
/A,THR,236,/A,GLN,232,3.069
/A,THR,236,/A,GLN,232,3.004
/A,LEU,237,/A,GLN,233,2.831
/A,GLU,238,/A,ARG,234,2.81
/A,ALA,239,/A,ARG,235,3.109
/A,ASN,240,/A,LEU,237,3.016
/A,ASN,240,/A,ASN,314,2.932
/A,ARG,241,/A,GLU,238,3.291
/A,PHE,243,/A,ASN,240,3.261
/A,LYS,247,/A,ASP,244,3.208
/A,LYS,247,/A,GLU,316,2.856
/A,LYS,247,/A,GLU,316,2.473
/A,TYR,248,/A,ASP,244,3.055
/A,TYR,248,/A,GLU,238,2.536
/A,TYR,248,/A,GLU,238,3.368
/A,ASP,249,/A,PHE,245,2.842
/A,GLU,250,/A,GLU,246,3.158
/A,CYS,251,/A,LYS,247,3.124
/A,CYS,251,/A,LYS,247,3.49
/A,ASP,252,/A,TYR,248,2.762
/A,LYS,253,/A,ASP,249,2.991
/A,LEU,254,/A,GLU,250,3.239
/A,LEU,255,/A,CYS,251,2.966
/A,LYS,256,/A,ASP,252,2.904
/A,LYS,256,/A,ASP,252,3.216
/A,GLY,257,/A,LYS,253,3.006
/A,PHE,258,/A,LEU,254,3.007
/A,ALA,259,/A,LEU,255,2.913
/A,SER,260,/A,LYS,256,3.067
/A,SER,260,/A,GLY,257,2.722
/A,TYR,261,/A,PHE,258,3.201
/A,LEU,262,/A,ALA,259,3.12
/A,ASN,264,/A,SER,260,3.366
/A,PHE,265,/A,TYR,261,3.163
/A,LYS,266,/A,LEU,262,3.095
/A,LEU,267,/A,ASP,263,3.29
/A,LEU,267,/A,ASN,264,3.154
/A,LEU,268,/A,ASN,264,3.277
/A,LEU,268,/A,PHE,265,2.873
/A,LEU,269,/A,PHE,265,3.126
/A,MET,273,/A,PRO,271,2.926
/A,ASN,279,/A,ARG,276,3.115
/A,SER,282,/A,ASP,285,3.327
/A,ASP,285,/A,SER,282,2.772
/A,ASP,285,/A,SER,282,3.325
/A,LYS,286,/A,SER,282,3.083
/A,PHE,287,/A,ASN,283,2.951
/A,HIS,288,/A,ALA,284,2.962
/A,THR,289,/A,ASP,285,2.852
/A,THR,289,/A,ASP,285,2.432
/A,GLN,290,/A,LYS,286,2.951
/A,ARG,291,/A,PHE,287,2.949
/A,MET,292,/A,HIS,288,2.858
/A,GLU,293,/A,THR,289,2.916
/A,ARG,294,/A,GLN,290,3.083
/A,LEU,295,/A,ARG,291,2.954
/A,LEU,296,/A,MET,292,2.823
/A,ILE,297,/A,GLU,293,2.974
/A,GLY,298,/A,ARG,294,2.927
/A,LEU,299,/A,LEU,295,2.838
/A,ARG,300,/A,LEU,296,3.033
/A,ASP,301,/A,ILE,297,3.277
/A,TRP,302,/A,GLY,298,3.042
/A,ILE,303,/A,LEU,299,2.834
/A,LYS,304,/A,ARG,300,3.025
/A,ALA,305,/A,ASP,301,3.075
/A,ALA,306,/A,TRP,302,2.862
/A,HIS,307,/A,ILE,303,2.826
/A,LEU,308,/A,LYS,304,3.125
/A,SER,309,/A,ALA,305,3.076
/A,SER,309,/A,ALA,305,2.928
/A,VAL,310,/A,ALA,306,2.94
/A,HIS,311,/A,HIS,307,3.067
/A,VAL,312,/A,LEU,308,2.998
/A,PHE,313,/A,SER,309,2.857
/A,ASN,314,/A,VAL,310,3.009
/A,TRP,315,/A,HIS,311,2.903
/A,GLU,316,/A,VAL,312,2.812
/A,MET,317,/A,PHE,313,3.054
/A,ASP,318,/A,ASN,314,2.895
/A,LEU,319,/A,TRP,315,3.173
/A,GLU,320,/A,GLU,316,2.992
/A,HIS,321,/A,MET,317,2.819
/A,ARG,322,/A,ASP,318,3.151
/A,ARG,322,/A,ASN,314,3.016
/A,ARG,322,/A,ALA,239,3.24
/A,TYR,323,/A,ASP,318,2.844
/A,MET,327,/A,SER,324,3.248
/A,THR,328,/A,SER,324,2.924
/A,THR,328,/A,SER,324,2.827
/A,GLU,329,/A,GLY,325,2.983
/A,SER,330,/A,ALA,326,2.916
/A,HIS,331,/A,MET,327,2.853
/A,LYS,332,/A,THR,328,2.93
/A,SER,333,/A,GLU,329,2.916
/A,LEU,334,/A,SER,330,2.914
/A,ASN,335,/A,HIS,331,3.125
/A,ASN,335,/B,GLN,12,3.456
/A,GLU,336,/A,LYS,332,3.031
/A,ARG,337,/A,SER,333,3.025
/A,ALA,338,/A,LEU,334,2.889
/A,ILE,339,/A,ASN,335,2.978
/A,LEU,340,/A,GLU,336,3.059
/A,LEU,341,/A,ARG,337,2.981
/A,SER,342,/A,ALA,338,2.849
/A,SER,342,/B,LEU,46,3.144
/A,GLY,343,/A,ILE,339,3.174
/A,ALA,344,/A,LEU,340,3.403
/A,GLU,345,/A,LEU,341,3.062
/A,LEU,346,/A,SER,342,2.938
/A,ARG,347,/A,GLY,343,3.035
/A,ARG,347,/A,GLY,343,3.572
/A,ALA,348,/A,ALA,344,2.882
/A,ALA,349,/A,GLU,345,2.921
/A,GLU,350,/A,ARG,347,3.153
/A,ASP,358,/A,SER,355,3.106
/A,LEU,359,/A,SER,355,3.015
/A,PHE,360,/A,ALA,356,2.869
/A,ILE,361,/A,GLU,357,2.927
/A,ALA,362,/A,ASP,358,2.905
/A,GLN,363,/A,LEU,359,3.045
/A,ARG,364,/A,PHE,360,2.876
/A,TYR,365,/A,ILE,361,3.177
/A,TYR,365,/B,GLU,379,2.277
/A,LEU,367,/A,ALA,362,3.067
/A,ILE,371,/A,LEU,367,3.115
/A,TYR,372,/A,GLY,368,3.183
/A,CYS,373,/A,GLY,369,3.051
/A,CYS,373,/A,GLY,369,3.568
/A,VAL,374,/A,PRO,370,2.922
/A,LEU,375,/A,ILE,371,2.992
/A,GLU,376,/A,TYR,372,3.316
/A,GLU,376,/A,CYS,373,3.128
/A,GLN,377,/A,VAL,374,3.093
/A,LEU,381,/A,GLN,377,3.201
/A,SER,382,/A,HIS,378,2.95
/A,SER,382,/A,HIS,378,2.973
/A,ALA,383,/A,GLU,379,3.138
/A,LEU,384,/A,PHE,380,2.844
/A,ILE,385,/A,LEU,381,3.146
/A,ALA,386,/A,SER,382,3.091
/A,ASN,387,/A,ALA,383,2.98
/A,THR,390,/A,ASN,387,3.286
/A,THR,390,/A,ASN,387,2.603
/A,TYR,391,/A,PRO,388,3.2
/A,VAL,396,/A,PRO,393,2.994
/A,VAL,397,/A,PRO,393,3.113
/A,ALA,398,/A,PRO,394,2.982
/A,ILE,399,/A,VAL,396,3.053
/A,CYS,400,/A,VAL,397,3.165
/A,GLY,401,/A,ALA,398,3.038
/A,LEU,405,/A,GLN,403,2.519
/A,ALA,407,/A,LEU,405,2.682
/A,SER,428,/A,VAL,426,2.899
/A,HIS,433,/A,PRO,431,2.931
/A,VAL,437,/A,GLY,435,2.932
/A,SER,442,/A,PHE,440,2.383
/B,MET,1,/A,GLU,250,3.474
/B,ILE,5,/B,MET,1,2.926
/B,GLN,6,/B,ASN,2,3.062
/B,ASP,7,/B,HIS,3,2.927
/B,LYS,8,/B,ILE,4,3.026
/B,TYR,9,/B,ILE,4,2.918
/B,ILE,10,/B,ILE,5,3.031
/B,GLN,12,/B,LYS,8,3.143
/B,GLN,12,/A,ASN,335,2.88
/B,GLN,13,/B,TYR,9,2.932
/B,LEU,14,/B,ILE,10,3.079
/B,LEU,15,/B,PRO,11,3.05
/B,TYR,16,/B,GLN,12,2.935
/B,TYR,16,/A,HIS,331,2.88
/B,PHE,17,/B,GLN,13,3
/B,LEU,18,/B,LEU,14,2.959
/B,ALA,19,/B,LEU,15,2.997
/B,GLY,20,/B,PHE,17,3.006
/B,ARG,22,/A,MET,195,3.248
/B,ARG,22,/B,GLN,25,2.71
/B,ARG,22,/A,GLN,192,2.767
/B,CYS,23,/A,SER,197,2.398
/B,CYS,23,/B,HIS,70,3.461
/B,CYS,24,/B,HIS,70,3.369
/B,GLN,25,/B,VAL,63,2.826
/B,GLN,25,/B,GLN,26,3.457
/B,PHE,27,/B,VAL,61,2.942
/B,PHE,31,/B,PRO,28,3.52
/B,ARG,32,/B,GLU,35,3.132
/B,ARG,32,/B,GLU,35,3.139
/B,ARG,32,/B,ASN,2,2.889
/B,ARG,32,/B,GLU,35,2.678
/B,SER,34,/B,GLU,35,3.302
/B,SER,34,/B,GLU,35,3.143
/B,HIS,36,/B,ARG,32,3.042
/B,GLU,37,/B,THR,33,3.271
/B,ALA,38,/B,SER,34,3.143
/B,PHE,39,/B,GLU,35,2.798
/B,ALA,40,/B,HIS,36,2.93
/B,ASN,41,/B,GLU,37,2.895
/B,ASN,42,/B,ALA,38,2.936
/B,ASN,42,/B,GLN,6,3.598
/B,ALA,43,/B,PHE,39,2.813
/B,ARG,44,/B,ALA,40,3.105
/B,SER,45,/B,ASN,41,3.136
/B,SER,45,/B,ASN,42,2.607
/B,LEU,46,/B,ASN,42,3.228
/B,LEU,46,/B,ALA,43,3.159
/B,GLY,47,/B,ARG,44,3.013
/B,LEU,48,/B,ALA,43,2.765
/B,ARG,49,/B,TYR,64,3.049
/B,ARG,49,/B,LYS,65,2.994
/B,ARG,49,/B,CYS,68,3.195
/B,GLN,51,/B,LYS,62,2.748
/B,VAL,53,/B,CYS,60,2.653
/B,VAL,55,/B,ASN,58,2.724
/B,ASN,58,/B,VAL,55,2.78
/B,CYS,60,/B,VAL,53,2.729
/B,LYS,62,/B,GLN,51,2.678
/B,LYS,62,/B,TYR,71,3.316
/B,LYS,62,/B,GLU,971,3.283
/B,VAL,63,/B,GLN,25,2.925
/B,TYR,64,/B,ARG,49,2.936
/B,LYS,65,/B,CYS,23,2.881
/B,LYS,65,/B,GLY,20,3.04
/B,LYS,65,/B,ARG,22,3.469
/B,GLN,66,/A,GLU,345,3.057
/B,GLN,66,/B,GLY,47,2.913
/B,CYS,68,/B,LYS,65,3.139
/B,CYS,68,/B,HIS,70,3.462
/B,LYS,76,/B,TRP,974,3.082
/B,LYS,76,/B,VAL,877,2.944
/B,LEU,78,/B,VAL,976,3.055
/B,SER,81,/B,GLU,1033,2.615
/B,SER,81,/B,SER,1032,2.707
/B,SER,81,/B,GLU,1033,2.804
/B,ALA,84,/B,SER,81,3.01
/B,THR,85,/B,SER,81,2.94
/B,THR,85,/B,SER,81,2.785
/B,LEU,86,/B,SER,82,3.001
/B,ASN,87,/B,GLY,83,3.051
/B,MET,88,/B,ALA,84,2.859
/B,PHE,89,/B,THR,85,2.814
/B,THR,90,/B,LEU,86,2.828
/B,THR,90,/B,LEU,86,2.738
/B,LEU,91,/B,ASN,87,2.939
/B,LEU,92,/B,MET,88,3.012
/B,SER,93,/B,PHE,89,2.981
/B,SER,93,/B,PHE,89,3.392
/B,SER,93,/B,THR,90,2.807
/B,ARG,94,/B,LEU,91,3.351
/B,LEU,97,/B,ARG,94,2.842
/B,MET,98,/B,ARG,94,2.97
/B,LEU,109,/B,LEU,105,3.042
/B,VAL,110,/B,TYR,106,2.305
/B,MET,112,/B,VAL,110,2.727
/B,LYS,113,/B,ASP,702,3.509
/B,ASN,115,/B,ASP,118,2.995
/B,ASP,118,/B,ASN,115,2.743
/B,LEU,119,/B,ALA,116,3.11
/B,THR,138,/B,GLN,141,3.019
/B,GLN,141,/B,THR,138,3.3
/B,GLN,141,/B,PHE,218,3.231
/B,LEU,142,/B,THR,138,2.913
/B,ASN,143,/B,GLU,139,2.809
/B,PHE,144,/B,ALA,140,2.926
/B,LEU,145,/B,GLN,141,3.052
/B,THR,146,/B,LEU,142,3.023
/B,THR,146,/B,LEU,142,3.346
/B,THR,146,/B,ASN,143,2.536
/B,ALA,147,/B,PHE,144,3.12
/B,PHE,148,/B,LEU,145,3.261
/B,HIS,151,/B,PHE,148,3.13
/B,LEU,153,/B,GLY,150,3.058
/B,SER,154,/B,HIS,151,3.154
/B,SER,154,/B,HIS,151,2.894
/B,ILE,157,/B,LEU,153,2.954
/B,LEU,158,/B,SER,154,2.923
/B,GLN,159,/B,ASP,155,2.91
/B,SER,160,/B,GLU,156,3.066
/B,SER,160,/B,GLU,156,2.848
/B,LEU,161,/B,ILE,157,3.056
/B,TYR,162,/B,LEU,158,3.091
/B,TYR,162,/B,GLN,159,3.233
/B,TYR,162,/B,ASP,188,2.033
/B,ALA,163,/B,GLN,159,3.018
/B,ALA,163,/B,SER,160,3.137
/B,SER,164,/B,SER,160,2.98
/B,SER,164,/B,VAL,166,3.068
/B,ARG,165,/B,LEU,289,3
/B,ARG,165,/B,GLU,315,3.091
/B,VAL,166,/B,SER,164,3.414
/B,ILE,167,/B,VAL,297,2.946
/B,VAL,168,/B,LEU,317,2.922
/B,TYR,169,/B,LEU,299,2.779
/B,ASN,170,/B,LEU,319,2.946
/B,ASN,170,/B,MET,303,2.505
/B,ASN,170,/B,ASN,320,3.096
/B,ALA,171,/B,SER,301,3.061
/B,TRP,175,/B,ALA,172,3.181
/B,ASP,176,/B,LEU,173,2.98
/B,LYS,177,/B,ALA,171,2.095
/B,LYS,177,/B,ALA,172,3.552
/B,LYS,177,/B,SER,301,2.904
/B,SER,178,/B,GLU,202,2.234
/B,VAL,179,/B,ASP,176,3.311
/B,PHE,180,/B,ASP,176,3.139
/B,LEU,181,/B,LYS,177,3.138
/B,VAL,184,/B,PHE,180,3.08
/B,ILE,185,/B,LEU,181,3.013
/B,LEU,186,/B,PRO,182,2.963
/B,ASP,187,/B,LEU,183,2.977
/B,ASP,188,/B,VAL,184,3.125
/B,CYS,189,/B,ILE,185,3.035
/B,CYS,189,/B,ILE,185,3.371
/B,CYS,189,/B,SER,194,3.332
/B,ARG,190,/B,LEU,186,2.946
/B,ASN,191,/B,ASP,187,3.108
/B,LYS,192,/B,ASP,188,3.055
/B,LYS,192,/B,TYR,162,2.722
/B,LYS,193,/B,ARG,190,3.176
/B,SER,194,/B,CYS,189,2.977
/B,VAL,196,/B,ARG,130,3.163
/B,LYS,197,/B,SER,264,2.809
/B,LYS,197,/B,THR,241,2.052
/B,ILE,198,/B,PHE,242,2.765
/B,MET,199,/B,HIS,265,2.879
/B,CYS,200,/B,ILE,244,2.849
/B,ILE,201,/B,VAL,267,2.812
/B,GLU,202,/B,SER,246,2.804
/B,GLN,204,/B,ASP,542,3.193
/B,ALA,208,/B,GLN,204,3.162
/B,THR,209,/B,ALA,205,2.941
/B,THR,209,/B,ALA,205,3.031
/B,TYR,210,/B,ILE,206,2.922
/B,TYR,210,/B,CYS,573,3.19
/B,ASN,211,/B,LEU,207,2.939
/B,ASN,211,/B,GLU,202,3.236
/B,SER,212,/B,ALA,208,2.929
/B,SER,212,/B,ALA,208,2.782
/B,SER,212,/B,THR,209,2.891
/B,GLN,213,/B,THR,209,3.062
/B,GLN,213,/B,ASN,217,3.25
/B,ARG,214,/B,TYR,210,3.157
/B,ARG,214,/B,ASP,176,3.316
/B,ARG,214,/B,ASN,211,3.568
/B,ARG,214,/B,ASP,176,2.269
/B,THR,215,/B,ASN,211,2.998
/B,THR,215,/B,ASN,211,2.771
/B,THR,215,/B,TYR,245,2.873
/B,ALA,216,/B,SER,212,2.884
/B,ASN,217,/B,GLN,213,2.848
/B,PHE,218,/B,ARG,214,3.183
/B,PHE,219,/B,ALA,216,2.91
/B,GLY,220,/B,ASN,217,2.958
/B,GLU,221,/B,ALA,216,3.167
/B,GLY,224,/B,VAL,227,2.751
/B,GLU,225,/B,GLN,222,3.474
/B,THR,226,/B,GLU,221,3.145
/B,THR,226,/B,GLU,221,3.47
/B,THR,226,/B,GLU,221,2.788
/B,GLY,228,/B,ILE,243,2.715
/B,ILE,229,/B,ALA,236,3.07
/B,GLN,230,/B,TYR,245,2.797
/B,GLN,230,/B,HIS,123,3.381
/B,LEU,231,/B,PHE,234,2.771
/B,TYR,233,/B,SER,834,1.5
/B,PHE,234,/B,LEU,231,3.396
/B,ALA,236,/B,ILE,229,2.901
/B,SER,238,/B,THR,241,2.854
/B,SER,238,/B,GLY,224,2.397
/B,SER,238,/B,SER,240,2.882
/B,SER,238,/B,THR,241,3.249
/B,SER,240,/B,SER,238,3.304
/B,SER,240,/B,SER,238,2.882
/B,THR,241,/B,SER,238,3.145
/B,THR,241,/B,GLY,224,2.996
/B,THR,241,/B,GLU,225,2.921
/B,THR,241,/B,SER,238,3.129
/B,THR,241,/B,SER,238,3.249
/B,PHE,242,/B,THR,226,2.867
/B,ILE,243,/B,THR,226,3.099
/B,ILE,244,/B,ILE,198,2.961
/B,TYR,245,/B,GLY,228,3
/B,TYR,245,/B,SER,178,3.114
/B,TYR,245,/B,THR,215,2.873
/B,SER,246,/B,CYS,200,2.906
/B,SER,246,/B,GLN,230,2.798
/B,SER,246,/B,THR,247,3.558
/B,ALA,248,/B,GLU,202,3.394
/B,TYR,250,/B,THR,247,3.32
/B,PHE,251,/B,THR,247,2.919
/B,LEU,252,/B,ALA,248,2.945
/B,ARG,253,/B,GLN,249,3.106
/B,ARG,253,/B,ASP,712,3.019
/B,ARG,253,/B,ARG,253,3.087
/B,SER,254,/B,TYR,250,3.099
/B,SER,254,/B,PHE,251,3.071
/B,SER,254,/B,PHE,251,2.472
/B,LEU,255,/B,PHE,251,3.052
/B,LEU,255,/B,LEU,252,3.07
/B,THR,256,/B,ARG,253,2.603
/B,SER,257,/B,SER,254,3.199
/B,SER,257,/B,SER,254,3.054
/B,GLN,258,/B,SER,254,2.728
/B,GLN,258,/B,LEU,124,3.632
/B,ASN,262,/B,LEU,126,3.161
/B,SER,264,/B,LYS,197,3.008
/B,SER,264,/B,LYS,197,2.868
/B,SER,264,/B,HIS,265,2.82
/B,HIS,265,/B,LYS,197,3.124
/B,HIS,265,/B,SER,264,2.82
/B,LEU,266,/B,ARG,296,2.889
/B,VAL,267,/B,MET,199,2.803
/B,VAL,268,/B,VAL,298,2.988
/B,ASN,269,/B,ILE,201,2.944
/B,ASN,269,/B,GLU,202,2.855
/B,VAL,271,/B,LEU,300,3.207
/B,LEU,273,/B,ASP,270,3.328
/B,HIS,274,/B,VAL,271,3.276
/B,HIS,274,/B,ASP,279,3.299
/B,HIS,274,/B,ASP,279,3.22
/B,TYR,277,/B,ASP,275,3.271
/B,ASP,279,/B,ASP,275,2.906
/B,ILE,280,/B,PRO,276,3.104
/B,LEU,281,/B,TYR,277,2.897
/B,LEU,282,/B,THR,278,2.936
/B,SER,283,/B,ASP,279,3.426
/B,SER,283,/B,ASP,279,3.523
/B,GLU,284,/B,ILE,280,3.165
/B,ILE,285,/B,LEU,281,2.845
/B,ARG,286,/B,LEU,282,2.929
/B,MET,287,/B,SER,283,3.126
/B,ALA,288,/B,GLU,284,2.888
/B,LEU,289,/B,ILE,285,2.836
/B,SER,290,/B,MET,287,3.259
/B,SER,290,/B,MET,287,2.275
/B,SER,291,/B,ALA,288,2.928
/B,SER,291,/B,ALA,288,2.942
/B,HIS,292,/B,ALA,288,2.756
/B,LEU,295,/B,HIS,292,3.489
/B,ARG,296,/B,SER,264,2.991
/B,VAL,297,/B,ARG,165,2.684
/B,VAL,298,/B,LEU,266,2.842
/B,LEU,299,/B,ILE,167,2.772
/B,LEU,300,/B,VAL,268,2.923
/B,SER,301,/B,TYR,169,2.991
/B,SER,301,/B,ASN,170,3.546
/B,GLN,302,/B,HIS,272,2.814
/B,MET,303,/B,ASN,170,2.942
/B,LYS,307,/B,ASN,305,3.035
/B,LYS,308,/B,SER,677,3.166
/B,PHE,309,/B,PRO,306,3.241
/B,THR,310,/B,LYS,307,2.923
/B,ASP,311,/B,LYS,307,3.01
/B,PHE,312,/B,LYS,308,3.118
/B,PHE,313,/B,PHE,309,3.237
/B,GLY,314,/B,THR,310,2.943
/B,LEU,317,/B,VAL,166,3.061
/B,GLN,318,/B,THR,310,2.66
/B,LEU,319,/B,VAL,168,2.891
/B,MET,321,/B,ASN,170,2.714
/B,ILE,322,/B,ASN,320,3.228
/B,ARG,330,/B,VAL,625,3.263
/B,SER,332,/B,CYS,627,2.867
/B,LEU,334,/B,ILE,631,3.255
/B,ASN,335,/B,GLU,634,3.276
/B,LEU,337,/B,TYR,333,3.035
/B,HIS,338,/B,LEU,334,3.001
/B,SER,339,/B,ASN,335,3.398
/B,SER,339,/B,GLU,336,2.521
/B,CYS,340,/B,GLU,336,3.039
/B,CYS,340,/B,GLU,336,3.31
/B,ILE,341,/B,LEU,337,2.9
/B,ALA,342,/B,HIS,338,2.935
/B,LEU,343,/B,SER,339,3.116
/B,ALA,344,/B,CYS,340,3.088
/B,GLY,345,/B,ALA,342,3.392
/B,TYR,353,/B,PRO,350,3.215
/B,LYS,354,/B,ASP,351,3.256
/B,LYS,354,/B,ASP,351,3.31
/B,ARG,361,/B,GLU,358,3.15
/B,ARG,361,/B,SER,405,3.517
/B,ARG,361,/B,GLU,358,2.435
/B,ASN,364,/B,ALA,362,2.806
/B,ASN,367,/B,ASN,364,3.034
/B,ASN,367,/B,ALA,362,3.447
/B,GLU,368,/B,ASN,364,3.177
/B,GLN,369,/B,PRO,365,3.152
/B,MET,370,/B,ARG,366,3.095
/B,ASP,371,/B,ASN,367,2.78
/B,LYS,372,/B,GLU,368,3.002
/B,LYS,372,/B,GLU,368,3.316
/B,CYS,373,/B,GLN,369,3.027
/B,CYS,373,/B,GLN,369,3.316
/B,LEU,374,/B,MET,370,3.033
/B,GLN,375,/B,ASP,371,2.803
/B,GLN,375,/B,GLU,379,3.346
/B,ALA,376,/B,LYS,372,2.917
/B,TYR,377,/B,CYS,373,3.098
/B,TYR,377,/B,HIS,423,2.689
/B,GLY,378,/B,LEU,374,2.857
/B,GLU,379,/B,GLN,375,3.054
/B,LEU,380,/B,ALA,376,3.066
/B,GLY,381,/B,TYR,377,2.806
/B,THR,382,/A,GLU,357,2.41
/B,ALA,385,/B,THR,382,3.212
/B,ALA,385,/B,THR,382,3.324
/B,LEU,386,/B,THR,382,3.285
/B,LEU,386,/B,ASP,383,3.162
/B,LEU,390,/B,LEU,386,3.083
/B,TYR,391,/B,ARG,387,2.805
/B,ALA,392,/B,PRO,388,3.108
/B,VAL,393,/B,PHE,389,3.071
/B,ASN,394,/B,LEU,390,3.018
/B,ASN,394,/B,TYR,391,3.206
/B,TYR,395,/B,TYR,391,2.871
/B,ASP,396,/B,ALA,392,3.105
/B,ALA,398,/B,ALA,392,3.009
/B,TYR,402,/B,PRO,399,3.273
/B,TYR,402,/B,ASP,371,2.837
/B,HIS,404,/B,LYS,409,2.962
/B,SER,405,/B,ASP,371,3.306
/B,SER,405,/B,ASP,371,3.414
/B,SER,405,/B,ASP,371,2.707
/B,LEU,406,/B,HIS,404,3.095
/B,GLY,408,/B,HIS,404,2.847
/B,LYS,409,/B,THR,407,3.31
/B,LYS,409,/B,GLU,417,3.131
/B,THR,410,/B,HIS,413,3.232
/B,THR,410,/B,HIS,413,2.737
/B,HIS,413,/B,THR,410,2.737
/B,PHE,414,/B,THR,410,3.37
/B,ALA,415,/B,ALA,411,2.998
/B,SER,416,/B,VAL,412,3.003
/B,SER,416,/B,VAL,412,3.033
/B,GLU,417,/B,HIS,413,2.844
/B,LEU,418,/B,PHE,414,2.915
/B,ASN,419,/B,SER,416,3.457
/B,LYS,420,/B,ALA,415,2.972
/B,HIS,423,/B,TYR,377,2.689
/B,HIS,423,/B,ASP,383,2.581
/B,LEU,424,/B,LYS,420,3.033
/B,ARG,425,/B,ALA,421,2.956
/B,LEU,426,/B,ASN,422,3.121
/B,LEU,427,/B,HIS,423,2.966
/B,LEU,428,/B,LEU,424,2.947
/B,PHE,429,/B,ARG,425,2.898
/B,MET,430,/B,LEU,426,3.103
/B,MET,430,/B,LEU,427,3.134
/B,GLY,431,/B,LEU,428,3.046
/B,ALA,432,/B,LEU,427,3.05
/B,ASP,433,/B,ASN,401,2.864
/B,TYR,435,/B,ASP,433,2.824
/B,TYR,435,/B,SER,464,2.999
/B,ASP,438,/B,GLN,442,2.903
/B,LEU,439,/B,THR,407,3.4
/B,GLN,441,/B,ASP,438,3.106
/B,GLN,442,/B,ASP,438,2.648
/B,ASN,443,/B,SER,446,2.819
/B,ALA,444,/B,PRO,434,3.334
/B,SER,446,/B,ASN,443,2.603
/B,SER,446,/B,ASN,443,2.797
/B,SER,446,/B,ASN,443,2.741
/B,LEU,447,/B,ASN,443,3.046
/B,ALA,448,/B,ALA,444,3.115
/B,ALA,449,/B,ILE,445,3.014
/B,MET,450,/B,SER,446,2.911
/B,ASN,451,/B,LEU,447,3.186
/B,GLY,452,/B,ALA,449,3.242
/B,ASN,453,/B,ALA,448,2.997
/B,ASN,453,/B,SER,416,2.539
/B,ASN,453,/B,GLU,417,3.18
/B,CYS,456,/B,ALA,415,3.802
/B,CYS,456,/B,ASN,419,3.822
/B,ILE,457,/B,ASN,453,3.173
/B,ASP,458,/B,HIS,454,3
/B,VAL,459,/B,GLU,455,3.229
/B,LEU,460,/B,CYS,456,2.952
/B,ASN,461,/B,ILE,457,2.8
/B,SER,462,/B,ASP,458,3.03
/B,SER,462,/B,ASP,458,3.077
/B,TYR,463,/B,VAL,459,3.001
/B,SER,464,/B,LEU,460,3.028
/B,SER,464,/B,TYR,435,2.999
/B,SER,464,/B,LEU,460,2.819
/B,LEU,465,/B,ASN,461,3.313
/B,LEU,465,/B,SER,462,3.306
/B,HIS,466,/B,TYR,463,3.24
/B,HIS,466,/B,SER,462,3.04
/B,LYS,471,/B,ILE,756,3.409
/B,SER,472,/B,VAL,469,2.938
/B,SER,472,/B,VAL,469,2.129
/B,ALA,473,/B,VAL,470,2.872
/B,LYS,474,/B,VAL,470,3.056
/B,PHE,477,/B,LYS,474,3.268
/B,LEU,482,/B,ASP,479,3.265
/B,ILE,483,/B,ASP,479,3.418
/B,ILE,484,/B,TYR,480,3.03
/B,ASP,485,/B,ASP,481,2.936
/B,ILE,486,/B,LEU,482,2.974
/B,MET,487,/B,ILE,483,2.954
/B,TYR,488,/B,ILE,484,2.86
/B,TYR,488,/B,HIS,526,2.906
/B,LEU,489,/B,ASP,485,2.901
/B,LEU,490,/B,ILE,486,2.892
/B,ARG,491,/B,MET,487,2.998
/B,ARG,491,/B,TYR,488,3.278
/B,THR,492,/B,TYR,488,2.906
/B,THR,492,/B,TYR,488,2.443
/B,LYS,493,/B,ALA,344,1.948
/B,TYR,501,/B,GLN,626,2.803
/B,SER,502,/B,GLU,500,2.504
/B,ASN,505,/B,PRO,577,3.229
/B,ILE,506,/B,LYS,561,2.912
/B,LEU,507,/B,TYR,580,2.86
/B,ILE,508,/B,VAL,563,2.892
/B,ILE,509,/B,ILE,582,2.957
/B,LEU,510,/B,ALA,565,2.777
/B,THR,512,/B,HIS,515,2.653
/B,TYR,513,/B,GLY,819,3.17
/B,HIS,515,/B,THR,512,2.653
/B,ILE,516,/B,THR,512,3.262
/B,VAL,517,/B,TYR,513,3.057
/B,LYS,518,/B,TYR,514,3.132
/B,LEU,519,/B,HIS,515,2.954
/B,ASN,520,/B,ILE,516,2.842
/B,ASN,520,/B,ASN,1062,3.182
/B,TYR,521,/B,VAL,517,3.092
/B,MET,522,/B,LYS,518,3.122
/B,ILE,523,/B,LEU,519,2.904
/B,LEU,524,/B,ASN,520,3.037
/B,SER,525,/B,TYR,521,2.869
/B,SER,525,/B,ALA,1206,3.351
/B,HIS,526,/B,MET,522,3.084
/B,HIS,526,/B,SER,531,2.966
/B,CYS,527,/B,ILE,523,2.855
/B,CYS,527,/B,ILE,523,3.202
/B,CYS,527,/B,GLN,533,3.409
/B,LEU,528,/B,LEU,524,2.909
/B,THR,529,/B,SER,525,3.13
/B,THR,529,/B,SER,525,3.046
/B,THR,529,/B,HIS,526,3.117
/B,THR,529,/B,SER,531,3.27
/B,GLY,530,/B,CYS,527,3.16
/B,SER,531,/B,HIS,526,2.966
/B,SER,531,/B,HIS,526,2.605
/B,SER,531,/B,THR,529,3.27
/B,LEU,532,/B,HIS,526,2.946
/B,SER,536,/B,VAL,560,3.123
/B,SER,536,/B,THR,559,3.063
/B,SER,536,/B,SER,1066,2.872
/B,PHE,538,/B,VAL,562,2.907
/B,LEU,540,/B,LEU,564,2.868
/B,TYR,548,/B,ARG,545,3.176
/B,TYR,548,/B,GLU,822,2.66
/B,GLN,550,/B,ASN,546,2.988
/B,GLN,550,/B,ASN,546,3.651
/B,ALA,551,/B,ASP,547,3.007
/B,VAL,553,/B,LEU,549,3.132
/B,ASN,554,/B,GLN,550,2.967
/B,ALA,555,/B,LEU,552,3.217
/B,THR,559,/B,SER,536,3.063
/B,LYS,561,/B,ASN,505,2.957
/B,LYS,561,/B,ALA,555,3.438
/B,LYS,561,/B,ASP,557,3.199
/B,VAL,562,/B,SER,536,2.78
/B,VAL,563,/B,ILE,506,2.91
/B,LEU,564,/B,PHE,538,2.84
/B,ALA,565,/B,ILE,508,2.894
/B,THR,566,/B,LEU,540,3.04
/B,THR,566,/B,ASP,567,3.423
/B,ILE,569,/B,THR,566,3.408
/B,GLU,570,/B,ASP,567,3.072
/B,SER,571,/B,ILE,568,2.989
/B,SER,571,/B,ASP,270,2.927
/B,CYS,573,/B,LEU,173,3.67
/B,LYS,579,/B,ASN,505,3.062
/B,LYS,579,/B,SER,502,2.848
/B,LYS,579,/B,SER,502,1.662
/B,LYS,579,/B,TYR,580,3.526
/B,TYR,580,/B,ASN,505,3.189
/B,TYR,580,/B,SER,502,3.158
/B,GLN,581,/B,GLN,626,3.047
/B,GLN,581,/B,ARG,614,3.136
/B,ILE,582,/B,LEU,507,2.787
/B,ASP,583,/B,PHE,628,2.802
/B,THR,584,/B,ILE,509,3.32
/B,THR,584,/B,ILE,509,2.983
/B,ALA,585,/B,ASP,583,2.858
/B,CYS,586,/B,THR,584,3.264
/B,ARG,587,/B,GLU,604,2.901
/B,ASN,589,/B,ARG,602,2.931
/B,VAL,591,/B,ASP,600,2.777
/B,TYR,592,/B,THR,649,2.613
/B,TYR,592,/B,HIS,686,3.034
/B,ASP,593,/B,SER,598,2.998
/B,THR,595,/B,ASP,593,2.888
/B,THR,595,/B,ASP,593,2.569
/B,SER,596,/B,SER,598,2.883
/B,CYS,597,/B,THR,594,3.63
/B,CYS,597,/B,HIS,686,3.927
/B,SER,598,/B,SER,596,2.883
/B,SER,598,/B,ASP,600,3.316
/B,ASP,600,/B,VAL,591,2.798
/B,ARG,602,/B,ASN,589,2.875
/B,GLU,604,/B,ARG,587,2.987
/B,VAL,606,/B,ALA,585,3.205
/B,LYS,608,/B,SER,640,3.082
/B,LYS,608,/B,GLU,641,3.005
/B,ASP,609,/B,GLU,641,3.061
/B,ALA,610,/B,ASP,609,2.555
/B,LEU,611,/B,ALA,607,3.316
/B,LEU,612,/B,LYS,608,2.898
/B,ARG,613,/B,ASP,609,3.034
/B,ARG,613,/B,GLU,570,3.329
/B,ARG,613,/B,GLU,570,3.239
/B,ARG,614,/B,ALA,610,2.922
/B,ARG,614,/B,GLU,570,2.84
/B,ARG,614,/B,ASP,583,3.026
/B,ARG,614,/B,GLU,570,3.246
/B,GLU,615,/B,LEU,611,2.928
/B,LEU,616,/B,LEU,612,3.104
/B,LEU,616,/B,ARG,613,3.244
/B,ILE,617,/B,ARG,614,3.279
/B,LEU,618,/B,GLU,615,3.07
/B,GLY,623,/B,PRO,620,3.282
/B,GLN,626,/B,LYS,579,3.108
/B,CYS,627,/B,ARG,330,2.829
/B,CYS,627,/B,GLN,581,3.866
/B,PHE,628,/B,GLN,581,2.686
/B,ARG,629,/B,SER,332,2.878
/B,LEU,630,/B,ASP,583,2.878
/B,ALA,635,/B,SER,632,3.129
/B,TYR,636,/B,SER,632,2.994
/B,GLU,637,/B,LYS,633,3.106
/B,GLU,638,/B,ALA,635,3.173
/B,LEU,639,/B,TYR,636,3.147
/B,SER,640,/B,THR,642,3.117
/B,SER,643,/B,ASP,609,3.098
/B,SER,643,/B,ASP,609,2.86
/B,SER,643,/B,ASP,609,3.354
/B,SER,646,/B,HIS,274,3.223
/B,GLN,648,/B,PRO,645,3.216
/B,GLN,648,/B,PRO,678,3.534
/B,THR,649,/B,SER,646,3.017
/B,THR,649,/B,SER,646,3.444
/B,MET,650,/B,SER,646,2.845
/B,LYS,654,/B,ASP,653,2.614
/B,LYS,654,/B,ILE,713,2.686
/B,CYS,656,/B,LEU,652,2.818
/B,CYS,656,/B,LEU,652,3.214
/B,LEU,657,/B,ASP,653,3.18
/B,ALA,658,/B,LYS,654,2.994
/B,VAL,659,/B,ILE,655,2.948
/B,LYS,660,/B,CYS,656,3.062
/B,LYS,660,/B,PRO,664,2.859
/B,LYS,660,/B,THR,666,2.932
/B,LEU,661,/B,LEU,657,3.182
/B,LEU,662,/B,ALA,658,3.015
/B,SER,663,/B,VAL,659,2.891
/B,SER,663,/B,THR,666,2.497
/B,THR,666,/B,SER,663,3.255
/B,THR,666,/B,SER,663,2.886
/B,THR,666,/B,SER,663,2.497
/B,TYR,671,/B,ILE,667,3.133
/B,TYR,671,/B,GLU,284,2.284
/B,LEU,672,/B,ILE,668,2.984
/B,GLY,673,/B,SER,669,3.098
/B,GLY,673,/B,GLU,670,3.212
/B,ILE,674,/B,TYR,671,3.015
/B,THR,675,/B,LEU,672,3.401
/B,THR,675,/B,LEU,672,2.697
/B,ASN,683,/B,PRO,680,3.103
/B,VAL,684,/B,PRO,680,3.342
/B,HIS,685,/B,LEU,681,2.926
/B,HIS,686,/B,ILE,682,3.011
/B,HIS,686,/B,TYR,592,3.034
/B,ALA,687,/B,ASN,683,2.985
/B,VAL,688,/B,VAL,684,2.911
/B,GLN,689,/B,HIS,685,2.953
/B,PHE,690,/B,HIS,686,2.898
/B,LEU,691,/B,ALA,687,2.945
/B,LYS,692,/B,VAL,688,2.938
/B,LYS,692,/B,ASP,699,3.271
/B,LYS,693,/B,GLN,689,2.925
/B,LYS,693,/B,ASP,970,2.441
/B,LYS,693,/B,ASP,970,2.574
/B,ILE,694,/B,PHE,690,3.143
/B,ASP,695,/B,LYS,692,3.114
/B,VAL,696,/B,LEU,691,2.889
/B,LEU,697,/B,LEU,691,3.203
/B,ASP,698,/B,ASP,702,2.87
/B,GLU,701,/B,ASP,698,3.083
/B,ASP,702,/B,ASP,698,2.601
/B,THR,704,/B,VAL,696,2.901
/B,THR,704,/B,ASP,695,2.785
/B,THR,704,/B,VAL,696,2.893
/B,GLY,707,/B,THR,704,3.367
/B,CYS,708,/B,THR,704,3.138
/B,CYS,708,/B,ASN,115,3.996
/B,CYS,708,/B,THR,704,3.531
/B,ARG,709,/B,TRP,705,3.19
/B,ARG,709,/B,LEU,1000,3.143
/B,ARG,709,/B,LEU,1000,3.214
/B,LEU,710,/B,LEU,706,2.957
/B,ILE,713,/B,LEU,710,3.303
/B,VAL,715,/B,ILE,713,2.847
/B,CYS,717,/B,ASP,653,3.237
/B,GLN,718,/B,MET,870,2.649
/B,GLY,720,/B,SER,716,2.847
/B,ARG,721,/B,CYS,717,2.887
/B,MET,722,/B,GLN,718,3.071
/B,LEU,723,/B,LEU,719,3.124
/B,ILE,724,/B,GLY,720,3.099
/B,PHE,725,/B,ARG,721,3.067
/B,GLY,726,/B,MET,722,2.901
/B,ILE,727,/B,LEU,723,2.941
/B,LEU,728,/B,ILE,724,2.86
/B,LEU,729,/B,PHE,725,2.93
/B,ARG,730,/B,ILE,727,3.162
/B,ARG,730,/B,ASN,851,2.866
/B,ARG,730,/B,ASN,851,3.383
/B,CYS,731,/B,GLY,726,2.927
/B,CYS,731,/B,GLY,726,3.944
/B,CYS,731,/B,LEU,729,3.921
/B,CYS,731,/B,MET,861,3.912
/B,LEU,732,/B,LEU,852,3.354
/B,ASP,733,/B,ASN,853,2.649
/B,LEU,736,/B,LEU,732,2.709
/B,THR,737,/B,ASP,733,3.015
/B,THR,737,/B,ASP,733,3.188
/B,ILE,738,/B,PRO,734,2.918
/B,VAL,739,/B,ILE,735,2.846
/B,SER,740,/B,LEU,736,2.971
/B,SER,740,/B,LEU,736,2.784
/B,SER,741,/B,THR,737,2.902
/B,SER,741,/B,THR,737,2.833
/B,LEU,742,/B,ILE,738,2.949
/B,SER,743,/B,SER,740,3.2
/B,SER,743,/B,VAL,739,3.209
/B,THR,744,/B,SER,741,3.244
/B,THR,744,/B,SER,740,3.356
/B,THR,744,/B,SER,741,3.151
/B,LEU,748,/B,ASP,746,2.81
/B,GLY,749,/B,ASP,746,3.223
/B,ILE,750,/B,ASN,897,2.852
/B,PHE,752,/B,ASP,755,3.19
/B,GLU,754,/B,GLU,754,2.753
/B,ASP,755,/B,PHE,752,3.029
/B,ILE,756,/B,THR,753,3.152
/B,ASN,758,/B,ASP,481,3.509
/B,TRP,760,/B,ASP,757,2.847
/B,ASP,761,/B,ASN,758,3.443
/B,PHE,763,/B,TRP,760,2.891
/B,THR,764,/B,ASP,761,2.537
/B,ILE,767,/B,PHE,763,2.871
/B,GLN,768,/B,THR,764,2.946
/B,GLN,768,/B,LEU,397,2.876
/B,GLN,768,/B,PRO,751,2.917
/B,ASN,769,/B,ILE,765,2.911
/B,SER,770,/B,TYR,766,2.957
/B,SER,770,/B,TYR,766,3.173
/B,ILE,771,/B,ILE,767,3.009
/B,LYS,772,/B,GLN,768,2.96
/B,LYS,772,/B,PRO,896,2.905
/B,LYS,772,/B,THR,898,2.111
/B,LYS,772,/B,ARG,901,3.288
/B,LYS,773,/B,ASN,769,2.974
/B,GLU,774,/B,SER,770,3.015
/B,ARG,775,/B,ILE,771,2.952
/B,ARG,775,/B,ASN,897,2.68
/B,ARG,775,/B,ASP,746,3.022
/B,ARG,775,/B,LEU,748,2.989
/B,THR,776,/B,LYS,772,2.961
/B,THR,776,/B,LYS,772,3.02
/B,TYR,777,/B,LYS,773,2.882
/B,LEU,778,/B,GLU,774,2.965
/B,SER,779,/B,ARG,775,2.928
/B,SER,779,/B,ARG,775,3.446
/B,SER,779,/B,THR,776,2.886
/B,ASP,780,/B,THR,776,3.243
/B,ASP,780,/B,TYR,777,3.278
/B,GLN,782,/B,SER,779,3.041
/B,GLN,782,/B,ASP,780,3.629
/B,GLN,782,/B,PHE,1040,3.139
/B,SER,784,/B,THR,932,2.833
/B,ASP,785,/B,ALA,931,2.948
/B,HIS,786,/B,THR,932,2.599
/B,HIS,786,/B,ASN,922,2.794
/B,PHE,787,/B,SER,784,3.138
/B,ILE,788,/B,ASP,785,3.054
/B,PHE,789,/B,HIS,786,3.265
/B,ARG,791,/B,PHE,787,3.053
/B,ARG,791,/B,LEU,778,3.327
/B,LEU,792,/B,ILE,788,2.844
/B,TYR,793,/B,PHE,789,3.025
/B,TYR,793,/B,THR,825,3.345
/B,LYS,794,/B,VAL,790,2.97
/B,LYS,794,/B,PRO,1044,2.92
/B,LYS,794,/B,THR,1046,2.729
/B,GLU,795,/B,ARG,791,2.871
/B,TRP,796,/B,LEU,792,2.943
/B,TRP,796,/B,ASN,818,2.995
/B,GLN,797,/B,TYR,793,2.876
/B,ASN,798,/B,LYS,794,2.881
/B,ARG,799,/B,GLU,795,3.087
/B,ARG,799,/B,GLU,795,3.445
/B,MET,800,/B,TRP,796,3.036
/B,MET,800,/B,GLN,797,3.091
/B,ARG,803,/B,MET,800,2.935
/B,LEU,809,/B,TYR,1160,2.924
/B,GLU,814,/B,ASP,811,2.667
/B,PHE,815,/B,ASP,811,3.121
/B,MET,816,/B,GLU,812,2.919
/B,LEU,817,/B,TYR,813,2.737
/B,ASN,818,/B,GLU,814,2.979
/B,GLY,819,/B,PHE,815,3.021
/B,LEU,820,/B,MET,816,2.904
/B,MET,821,/B,LEU,817,2.833
/B,GLU,822,/B,ASN,818,2.991
/B,GLN,823,/B,GLY,819,3.201
/B,LEU,824,/B,LEU,820,2.859
/B,THR,825,/B,MET,821,2.886
/B,THR,825,/B,TYR,793,3.345
/B,THR,825,/B,MET,821,2.796
/B,SER,826,/B,GLU,822,3.046
/B,ILE,827,/B,GLN,823,3
/B,ARG,828,/B,LEU,824,2.909
/B,ARG,828,/B,ASP,733,2.928
/B,SER,829,/B,THR,825,2.999
/B,SER,829,/B,THR,825,2.975
/B,GLU,830,/B,SER,826,3.031
/B,ILE,831,/B,ILE,827,2.975
/B,VAL,832,/B,ARG,828,3.003
/B,SER,833,/B,SER,829,2.994
/B,SER,833,/B,SER,829,2.929
/B,SER,834,/B,GLU,830,3.014
/B,SER,834,/B,TYR,233,1.5
/B,SER,834,/B,GLU,830,2.982
/B,LEU,835,/B,ILE,831,2.807
/B,ARG,836,/B,VAL,832,2.967
/B,ALA,837,/B,SER,833,2.996
/B,ALA,838,/B,SER,834,2.965
/B,ASN,839,/B,ARG,836,2.95
/B,LEU,840,/B,LEU,835,2.951
/B,ILE,841,/B,LEU,835,3.391
/B,HIS,842,/B,LEU,847,2.631
/B,HIS,842,/B,ASN,839,2.938
/B,HIS,842,/B,CYS,1003,3.066
/B,LYS,846,/B,TRP,1009,2.923
/B,SER,848,/B,GLY,845,3.353
/B,SER,848,/B,GLY,845,2.925
/B,ASN,851,/B,GLY,845,2.595
/B,LEU,852,/B,SER,848,2.914
/B,ASN,853,/B,ASN,850,3.257
/B,ASN,853,/B,MET,849,3.005
/B,GLN,854,/B,ASN,851,3.421
/B,MET,855,/B,ARG,730,2.885
/B,SER,856,/B,ASN,853,3.328
/B,SER,856,/B,ASN,853,2.9
/B,CYS,857,/B,ILE,1045,3.215
/B,ASN,858,/B,MET,855,3.228
/B,HIS,860,/B,ASP,1034,2.234
/B,MET,861,/B,ASN,858,3.036
/B,VAL,862,/B,ASN,858,3.248
/B,LYS,863,/B,TRP,859,2.854
/B,LYS,863,/B,ASP,1034,3.297
/B,LYS,863,/B,ASP,1034,2.834
/B,ALA,864,/B,HIS,860,3.114
/B,ALA,865,/B,MET,861,2.964
/B,LEU,866,/B,VAL,862,2.873
/B,THR,867,/B,LYS,863,3.005
/B,THR,867,/B,LYS,863,2.828
/B,GLY,868,/B,ALA,864,3.248
/B,GLY,869,/B,ALA,865,2.943
/B,MET,870,/B,LEU,866,2.926
/B,TYR,871,/B,ASP,970,2.398
/B,ASN,873,/B,MET,870,2.69
/B,ILE,874,/B,PRO,872,2.84
/B,TYR,875,/B,ILE,919,2.76
/B,ALA,876,/B,LYS,885,2.867
/B,VAL,877,/B,PRO,917,2.877
/B,ASP,878,/B,SER,883,2.914
/B,ARG,880,/B,ASP,878,3.32
/B,LYS,881,/B,GLN,66,3.471
/B,SER,882,/B,THR,879,3.462
/B,SER,882,/B,LYS,881,2.549
/B,SER,883,/B,ASP,878,3.208
/B,LYS,885,/B,ALA,876,2.962
/B,LYS,885,/B,CYS,68,2.948
/B,SER,886,/B,ARG,69,3.118
/B,SER,886,/B,ILE,874,2.811
/B,SER,889,/A,ASP,198,3.193
/B,SER,889,/A,ASP,198,2.725
/B,SER,893,/B,SER,926,2.913
/B,HIS,895,/B,ILE,928,2.876
/B,ASN,897,/B,HIS,895,3.006
/B,THR,898,/B,HIS,895,3.101
/B,THR,898,/B,ASP,785,2.735
/B,VAL,899,/B,ASP,785,2.813
/B,LEU,900,/B,THR,898,3.178
/B,ARG,901,/B,GLU,905,2.505
/B,ARG,901,/B,MET,894,3.429
/B,ASP,902,/B,GLU,905,3.23
/B,LEU,904,/B,ASP,396,3.28
/B,LEU,907,/A,GLU,376,3.014
/B,ILE,909,/B,PRO,906,3.254
/B,SER,910,/B,PRO,906,3.182
/B,SER,910,/B,PRO,906,3.376
/B,SER,910,/B,LEU,907,2.713
/B,ALA,911,/B,LEU,907,2.747
/B,GLN,912,/B,ILE,909,3.171
/B,SER,913,/B,SER,910,3.018
/B,SER,913,/B,SER,910,2.552
/B,PHE,914,/B,ALA,911,2.975
/B,THR,916,/B,TRP,918,3.522
/B,THR,916,/B,VAL,934,2.73
/B,ILE,919,/B,TYR,875,2.777
/B,VAL,920,/B,THR,932,2.852
/B,CYS,921,/B,ASN,873,3.084
/B,CYS,921,/B,ASN,873,4.038
/B,ASN,922,/B,TYR,930,2.898
/B,ARG,923,/B,CYS,597,3.484
/B,GLN,924,/B,HIS,927,2.983
/B,LYS,925,/B,ASP,600,2.938
/B,HIS,927,/B,GLN,924,3.031
/B,HIS,927,/B,SER,893,2.657
/B,ILE,928,/B,SER,893,2.8
/B,VAL,929,/B,ASN,922,3.047
/B,TYR,930,/B,ASP,746,3.04
/B,ALA,931,/B,ASP,785,2.799
/B,THR,932,/B,VAL,920,2.786
/B,THR,932,/B,SER,784,2.833
/B,THR,932,/B,HIS,786,2.599
/B,LEU,933,/B,PHE,783,3.182
/B,VAL,934,/B,TRP,918,3.125
/B,ALA,938,/B,VAL,935,3.108
/B,ALA,940,/B,PRO,936,3.015
/B,MET,941,/B,LEU,937,2.944
/B,PHE,942,/B,ALA,938,2.995
/B,SER,943,/B,VAL,939,3.136
/B,SER,943,/B,VAL,939,2.22
/B,ARG,947,/B,HIS,945,2.761
/B,ILE,953,/B,LEU,950,3.062
/B,CYS,954,/B,ASN,966,3.016
/B,CYS,954,/B,PRO,952,3.472
/B,CYS,954,/B,ASN,966,3.912
/B,SER,956,/B,ASN,964,3.351
/B,SER,959,/B,THR,961,2.628
/B,THR,961,/B,SER,959,3.268
/B,THR,961,/B,SER,959,2.628
/B,ASP,962,/B,SER,959,2.945
/B,VAL,965,/B,MET,977,2.742
/B,ASN,966,/B,CYS,954,3.042
/B,VAL,967,/B,MET,975,2.788
/B,ILE,969,/B,ILE,973,3.027
/B,GLU,971,/B,ASP,970,2.555
/B,MET,975,/B,VAL,967,2.918
/B,VAL,976,/B,LYS,76,2.951
/B,MET,977,/B,VAL,965,3.083
/B,SER,978,/B,THR,981,2.72
/B,LYS,979,/B,ARG,963,3.027
/B,THR,981,/B,SER,978,3.192
/B,THR,981,/B,SER,978,2.72
/B,ALA,982,/B,SER,978,2.88
/B,GLU,983,/B,LYS,979,3.093
/B,MET,984,/B,ALA,980,3.066
/B,VAL,985,/B,THR,981,2.88
/B,MET,986,/B,ALA,982,2.943
/B,ARG,987,/B,GLU,983,2.959
/B,ARG,987,/B,TYR,991,3.449
/B,ARG,987,/B,TYR,991,3.505
/B,THR,988,/B,MET,984,2.908
/B,THR,988,/B,MET,984,2.837
/B,ARG,989,/B,VAL,985,2.846
/B,ARG,989,/B,ALA,940,2.708
/B,ARG,989,/B,SER,943,2.771
/B,ARG,989,/B,SER,943,2.406
/B,ARG,989,/B,HIS,945,2.923
/B,TYR,990,/B,MET,986,2.928
/B,TYR,991,/B,ARG,987,3.077
/B,TYR,991,/B,LEU,97,2.018
/B,PHE,992,/B,THR,988,3.031
/B,PHE,993,/B,ARG,989,3.037
/B,LYS,994,/B,TYR,990,2.907
/B,MET,995,/B,TYR,991,3.167
/B,TYR,996,/B,PHE,992,2.837
/B,HIS,997,/B,PHE,993,3.082
/B,ASP,998,/B,LYS,994,3.007
/B,LEU,999,/B,MET,995,2.955
/B,LEU,1000,/B,TYR,996,3.27
/B,LYS,1001,/B,HIS,997,2.923
/B,HIS,1002,/B,ASP,998,2.95
/B,HIS,1002,/B,GLU,1005,3.011
/B,CYS,1003,/B,LEU,1000,3.722
/B,GLU,1005,/B,HIS,1002,3.165
/B,MET,1008,/B,GLU,1005,3.178
/B,TRP,1009,/B,LEU,1006,3.182
/B,TRP,1009,/B,HIS,1002,2.872
/B,ARG,1010,/B,LEU,1006,3.109
/B,ARG,1011,/B,ASP,1007,3.24
/B,VAL,1016,/B,CYS,1013,3.056
/B,SER,1017,/B,CYS,1013,3.053
/B,SER,1017,/B,GLU,1014,2.689
/B,GLN,1018,/B,GLU,1014,3.044
/B,TYR,1019,/B,PRO,1015,3.06
/B,TYR,1019,/B,LEU,728,2.758
/B,THR,1020,/B,VAL,1016,3.152
/B,THR,1020,/B,VAL,1016,3.434
/B,THR,1020,/B,SER,1017,2.644
/B,VAL,1021,/B,SER,1017,3.091
/B,LEU,1022,/B,GLN,1018,2.896
/B,THR,1023,/B,TYR,1019,3.174
/B,THR,1023,/B,TYR,1019,3.079
/B,THR,1023,/B,THR,1020,2.878
/B,ASP,1024,/B,THR,1020,2.992
/B,THR,1025,/B,VAL,1021,2.962
/B,THR,1025,/B,VAL,1021,2.752
/B,LEU,1026,/B,LEU,1022,2.882
/B,SER,1027,/B,THR,1023,3.011
/B,LYS,1028,/B,ASP,1024,3.324
/B,ILE,1029,/B,THR,1025,2.913
/B,PHE,1030,/B,LEU,1026,2.966
/B,GLU,1031,/B,SER,1027,3.03
/B,SER,1032,/B,LYS,1028,3.036
/B,SER,1032,/B,SER,81,2.707
/B,GLU,1033,/B,ILE,1029,2.971
/B,ASP,1034,/B,PHE,1030,2.969
/B,GLY,1035,/B,GLU,1031,3.144
/B,PHE,1036,/B,SER,1032,2.952
/B,VAL,1037,/B,GLU,1033,3.116
/B,GLY,1038,/B,ASP,1034,3.174
/B,GLY,1038,/B,GLY,1035,3.252
/B,PHE,1039,/B,ASP,1034,3.067
/B,LEU,1058,/B,GLU,822,3.3
/B,SER,1060,/B,LEU,1056,2.952
/B,SER,1060,/B,LEU,1056,2.855
/B,VAL,1061,/B,TYR,1057,2.908
/B,ASN,1062,/B,LEU,1058,3.041
/B,ALA,1063,/B,LEU,1059,3.003
/B,HIS,1064,/B,SER,1060,2.876
/B,PHE,1065,/B,VAL,1061,3.192
/B,SER,1066,/B,ALA,1063,3.162
/B,SER,1066,/B,SER,536,2.872
/B,GLU,1070,/B,TRP,1067,3.381
/B,VAL,1071,/B,ALA,1068,3.366
/B,GLU,1072,/B,ARG,1069,3.476
/B,HIS,1080,/B,LYS,1078,2.27
/B,PHE,1082,/B,HIS,1080,2.447
/B,ASN,1083,/B,HIS,1081,2.566
/B,GLU,1088,/B,ASN,1127,2.902
/B,ARG,1089,/B,THR,529,2.42
/B,ARG,1089,/B,THR,529,3.155
/B,GLN,1090,/B,HIS,1129,2.894
/B,PHE,1092,/B,PHE,1131,2.793
/B,VAL,1093,/B,ALA,1191,2.846
/B,LEU,1094,/B,ILE,1133,2.793
/B,TYR,1095,/B,MET,1189,3.109
/B,ALA,1096,/B,TYR,1135,2.96
/B,PHE,1103,/B,ASP,1099,2.938
/B,HIS,1104,/B,CYS,1100,3.079
/B,SER,1105,/B,GLU,1101,3.044
/B,SER,1105,/B,GLU,1101,3.197
/B,SER,1105,/B,GLU,1102,2.772
/B,ARG,1106,/B,GLU,1102,3.063
/B,ARG,1106,/B,PHE,1103,3.252
/B,ASN,1107,/B,PHE,1103,2.962
/B,ILE,1112,/B,THR,1108,3.346
/B,GLU,1113,/B,PRO,1109,2.845
/B,SER,1114,/B,ALA,1110,2.903
/B,SER,1114,/B,PHE,1111,2.671
/B,VAL,1115,/B,PHE,1111,2.973
/B,LEU,1116,/B,ILE,1112,2.913
/B,GLY,1117,/B,GLU,1113,2.75
/B,PHE,1119,/B,LEU,1116,2.962
/B,VAL,1120,/B,LEU,1116,2.99
/B,ARG,1128,/B,THR,1125,2.891
/B,HIS,1129,/B,GLU,1088,2.84
/B,PHE,1131,/B,GLN,1090,2.695
/B,VAL,1132,/B,SER,1146,2.721
/B,ILE,1133,/B,PHE,1092,2.677
/B,LEU,1134,/B,SER,1144,2.931
/B,TYR,1135,/B,LEU,1094,2.939
/B,ARG,1136,/B,MET,1141,2.9
/B,ARG,1136,/B,ASP,1099,3.321
/B,ARG,1136,/B,ASP,1138,2.999
/B,LYS,1137,/B,ASP,1185,2.814
/B,MET,1141,/B,ARG,1136,3.05
/B,MET,1142,/B,ILE,1165,2.863
/B,LEU,1143,/B,LEU,1134,2.797
/B,ILE,1145,/B,PHE,1161,3.045
/B,SER,1146,/B,VAL,1132,2.82
/B,ARG,1147,/B,GLN,1158,2.822
/B,ARG,1147,/B,GLU,534,3.382
/B,ARG,1147,/B,TYR,1160,3.341
/B,ALA,1148,/B,ILE,1130,2.827
/B,LYS,1149,/B,MET,1156,2.902
/B,LYS,1149,/B,GLN,1158,2.274
/B,PHE,1150,/B,ASP,1124,3.03
/B,VAL,1151,/B,VAL,1154,2.843
/B,VAL,1154,/B,VAL,1151,2.978
/B,MET,1156,/B,LYS,1149,2.697
/B,GLN,1158,/B,ARG,1147,2.866
/B,GLN,1158,/B,HIS,1064,2.811
/B,TYR,1160,/B,ILE,1145,2.932
/B,PHE,1161,/B,ILE,1145,3.293
/B,ARG,1162,/B,LEU,809,3.156
/B,ARG,1162,/B,GLU,1159,2.438
/B,ARG,1162,/B,GLU,1159,3.058
/B,ASN,1163,/B,LEU,1143,3.242
/B,ASN,1163,/B,LYS,810,3.576
/B,ASN,1164,/B,ASN,1163,2.781
/B,ILE,1165,/B,MET,1142,3.048
/B,VAL,1167,/B,ASP,1140,3.072
/B,GLU,1169,/B,PRO,1166,3.146
/B,LEU,1171,/B,VAL,1167,2.936
/B,ASP,1172,/B,PHE,1168,2.955
/B,ALA,1173,/B,GLU,1169,3.092
/B,CYS,1174,/B,ILE,1170,2.892
/B,CYS,1174,/B,ILE,1170,3.274
/B,VAL,1175,/B,LEU,1171,3.011
/B,SER,1176,/B,ASP,1172,2.972
/B,SER,1176,/B,ASP,1172,3.46
/B,SER,1176,/B,ALA,1173,2.648
/B,LEU,1177,/B,ALA,1173,3
/B,ASN,1178,/B,VAL,1175,3.177
/B,VAL,1179,/B,CYS,1174,2.84
/B,ALA,1191,/B,VAL,1093,3.045
/B,ILE,1193,/B,PHE,1091,3.062
/B,ARG,1196,/B,ASP,1194,2.899
/B,GLY,1198,/B,ASP,1194,2.897
/B,ASN,1199,/B,LYS,1195,2.953
/B,LEU,1200,/B,ARG,1196,3.032
/B,ILE,1201,/B,VAL,1197,2.949
/B,MET,1202,/B,GLY,1198,3.041
/B,GLU,1203,/B,ASN,1199,2.948
/B,LEU,1204,/B,LEU,1200,2.962
/B,PHE,1205,/B,ILE,1201,3.051
/B,ALA,1206,/B,MET,1202,2.993
/B,PHE,1207,/B,GLU,1203,3.016
/B,HIS,1209,/B,HIS,1213,2.99
/B,HIS,1210,/B,ASP,811,2.975
/B,TRP,1211,/B,HIS,1209,3.233
/B,HIS,1213,/B,HIS,1209,3.006
/B,HIS,1213,/B,HIS,1209,3.225
/B,LYS,1214,/B,HIS,1210,2.894