start_protein,start_amino_acid,start_position,end_protein,end_amino_acid,end_position,bond_length,distance_between
/A,GLN,15,/A,ASN,12,3.361,3
/A,ASP,18,/A,GLN,15,3.037,3
/A,ARG,19,/A,GLN,16,3.353,3
/A,ASN,20,/A,LEU,17,3.291,3
/A,PHE,21,/A,ASP,18,3.298,3
/A,ARG,22,/A,ARG,19,3.071,3
/A,GLN,23,/A,ARG,19,3.312,4
/A,GLU,25,/A,ARG,22,3,3
/A,LYS,26,/A,ARG,22,3.294,4
/A,LYS,26,/A,GLN,23,3.261,3
/A,LEU,28,/A,GLU,25,3.216,3
/A,ALA,29,/A,LYS,26,3.111,3
/A,LEU,32,/A,ALA,29,3.487,3
/A,SER,50,/A,ASP,51,2.49,1
/A,SER,58,/A,SER,56,3.003,2
/A,SER,60,/A,CYS,57,3.188,3
/A,SER,60,/A,CYS,57,3.239,3
/A,VAL,61,/A,SER,58,3.414,3
/A,SER,63,/A,SER,60,3.015,3
/A,GLU,64,/A,VAL,61,3.298,3
/A,GLU,67,/A,GLU,64,3.311,3
/A,HIS,85,/A,GLU,83,3.22,2
/A,CYS,89,/A,LEU,87,2.845,2
/A,CYS,89,/A,TYR,261,3.756,172
/A,ARG,98,/A,ARG,96,2.775,2
/A,SER,110,/A,LYS,108,3.133,2
/A,GLN,128,/A,PRO,124,3.26,4
/A,GLN,128,/A,LYS,125,3.235,3
/A,LEU,129,/A,LYS,125,3.445,4
/A,GLN,130,/A,GLN,126,3.192,4
/A,LYS,131,/A,GLU,127,2.714,4
/A,GLU,132,/A,GLN,128,2.85,4
/A,ASN,133,/A,LEU,129,3.179,4
/A,VAL,134,/A,GLN,130,2.839,4
/A,TRP,135,/A,LYS,131,2.605,4
/A,ASN,136,/A,GLU,132,3.244,4
/A,GLN,137,/A,ASN,133,3.402,4
/A,ARG,138,/A,VAL,134,3.052,4
/A,CYS,139,/A,TRP,135,3.289,4
/A,GLU,141,/A,ARG,138,3.446,3
/A,SER,144,/A,SER,144,2.238,0
/A,LYS,153,/A,THR,150,3.1,3
/A,LEU,154,/A,THR,150,3.289,4
/A,ARG,155,/A,MET,151,3.053,4
/A,ARG,155,/A,GLU,152,3.24,3
/A,LEU,156,/A,LYS,153,3.185,3
/A,ILE,157,/A,LEU,154,2.989,3
/A,GLY,158,/A,ARG,155,3.105,3
/A,LEU,159,/A,LEU,154,2.821,5
/A,ASP,162,/A,ASP,162,2.329,0
/A,VAL,169,/A,ASN,167,3.163,2
/A,ARG,171,/A,ASN,167,3.036,4
/A,ARG,171,/A,GLU,165,2.79,6
/A,LEU,172,/A,ALA,168,3.056,4
/A,ILE,173,/A,VAL,169,2.964,4
/A,ASN,174,/A,LEU,170,2.973,4
/A,LEU,175,/A,ARG,171,3.006,4
/A,PHE,176,/A,LEU,172,2.862,4
/A,ARG,177,/A,ILE,173,3.004,4
/A,SER,178,/A,ASN,174,2.95,4
/A,LEU,179,/A,LEU,175,2.971,4
/A,HIS,180,/A,PHE,176,3.017,4
/A,ASP,181,/A,ARG,177,3.008,4
/A,HIS,182,/A,SER,178,3.147,4
/A,LEU,183,/A,LEU,179,3.042,4
/A,THR,184,/A,HIS,180,3.135,4
/A,THR,184,/A,HIS,180,2.766,4
/A,THR,184,/A,ASP,181,3.272,3
/A,GLY,188,/A,ASP,186,3.257,2
/A,GLN,192,/A,PHE,189,2.903,3
/A,ASN,193,/A,PHE,189,3.107,4
/A,ASN,193,/A,SER,190,3.294,3
/A,SER,194,/A,ARG,191,3.379,3
/A,SER,194,/A,ARG,191,2.722,3
/A,MET,195,/A,GLN,192,2.923,3
/A,PHE,201,/A,ASP,198,3.412,3
/A,ASN,214,/A,SER,212,2.72,2
/A,ARG,216,/A,ASN,214,3.065,2
/A,TYR,217,/A,ASN,214,3.483,3
/A,GLN,218,/A,ASN,214,2.944,4
/A,GLN,218,/A,PRO,210,2.941,8
/A,GLN,218,/A,SER,212,3.253,6
/A,LEU,219,/A,VAL,215,2.924,4
/A,GLN,220,/A,ARG,216,2.915,4
/A,VAL,221,/A,TYR,217,3.015,4
/A,LEU,222,/A,GLN,218,2.912,4
/A,CYS,223,/A,LEU,219,2.834,4
/A,CYS,223,/A,LEU,219,3.331,4
/A,THR,224,/A,GLN,220,3.109,4
/A,THR,224,/A,GLN,220,2.399,4
/A,THR,224,/A,VAL,221,3.024,3
/A,LYS,225,/A,VAL,221,3.059,4
/A,LYS,225,/A,HIS,180,3.427,45
/A,LYS,225,/A,SER,207,2.762,18
/A,VAL,226,/A,LEU,222,2.79,4
/A,GLU,227,/A,CYS,223,2.931,4
/A,ARG,228,/A,THR,224,3.133,4
/A,PHE,229,/A,LYS,225,2.887,4
/A,LEU,230,/A,VAL,226,2.796,4
/A,GLY,231,/A,GLU,227,2.907,4
/A,GLN,232,/A,ARG,228,3.049,4
/A,GLN,233,/A,PHE,229,2.995,4
/A,ARG,234,/A,LEU,230,2.89,4
/A,ARG,235,/A,GLY,231,3.207,4
/A,THR,236,/A,GLN,232,3.134,4
/A,THR,236,/A,GLN,232,2.822,4
/A,LEU,237,/A,GLN,233,2.857,4
/A,GLU,238,/A,ARG,234,2.861,4
/A,THR,239,/A,ARG,235,3.203,4
/A,THR,239,/A,ARG,235,2.821,4
/A,THR,239,/A,THR,236,2.558,3
/A,ASN,240,/A,LEU,237,3.041,3
/A,ASN,240,/A,ASN,314,2.8,74
/A,ARG,241,/A,GLU,238,3.377,3
/A,PHE,243,/A,ASN,240,3.259,3
/A,GLU,246,/A,ASP,244,3.181,2
/A,LYS,247,/A,ASP,244,3.478,3
/A,LYS,247,/A,GLU,316,2.302,69
/A,TYR,248,/A,ASP,244,3.015,4
/A,TYR,248,/A,GLU,238,2.923,10
/A,ASP,249,/A,PHE,245,2.852,4
/A,GLU,250,/A,GLU,246,3.195,4
/A,CYS,251,/A,LYS,247,3.121,4
/A,CYS,251,/A,LYS,247,3.472,4
/A,ASP,252,/A,TYR,248,2.783,4
/A,LYS,253,/A,ASP,249,2.991,4
/A,LEU,254,/A,GLU,250,3.229,4
/A,LEU,255,/A,CYS,251,2.967,4
/A,LYS,256,/A,ASP,252,2.873,4
/A,GLY,257,/A,LYS,253,2.833,4
/A,SER,258,/A,LEU,254,3.044,4
/A,SER,258,/A,LEU,254,2.392,4
/A,ALA,259,/A,LEU,255,2.943,4
/A,SER,260,/A,LYS,256,2.935,4
/A,SER,260,/A,GLY,257,3.371,3
/A,GLN,263,/A,ALA,259,3.349,4
/A,GLN,263,/A,SER,260,3.262,3
/A,THR,264,/A,SER,260,3.22,4
/A,THR,264,/A,SER,260,2.821,4
/A,THR,264,/A,TYR,261,2.542,3
/A,PHE,265,/A,TYR,261,3.015,4
/A,PHE,265,/A,LEU,262,3.265,3
/A,LYS,266,/A,GLN,263,3.357,3
/A,GLN,267,/A,THR,264,3.335,3
/A,PHE,268,/A,PHE,265,2.883,3
/A,LEU,269,/A,LYS,266,3.257,3
/A,ILE,271,/A,PHE,268,3.473,3
/A,HIS,275,/A,LEU,213,3.124,62
/A,ARG,276,/A,ASN,279,2.819,3
/A,GLY,278,/A,HIS,275,2.909,3
/A,ASN,279,/A,ARG,276,2.975,3
/A,SER,282,/A,SER,284,2.66,2
/A,SER,284,/A,SER,282,2.66,2
/A,ALA,285,/A,SER,282,2.754,3
/A,LYS,286,/A,SER,282,3.096,4
/A,PHE,287,/A,SER,283,2.933,4
/A,ASN,288,/A,SER,284,2.896,4
/A,ALA,289,/A,ALA,285,2.872,4
/A,GLN,290,/A,LYS,286,3.023,4
/A,ARG,291,/A,PHE,287,3,4
/A,LEU,292,/A,ASN,288,2.785,4
/A,GLU,293,/A,ALA,289,2.846,4
/A,SER,294,/A,GLN,290,3.058,4
/A,SER,294,/A,ARG,291,3.297,3
/A,LEU,295,/A,ARG,291,2.963,4
/A,LEU,296,/A,LEU,292,2.796,4
/A,ILE,297,/A,GLU,293,3.023,4
/A,GLY,298,/A,SER,294,3.037,4
/A,LEU,299,/A,LEU,295,2.842,4
/A,ARG,300,/A,LEU,296,2.988,4
/A,GLU,301,/A,ILE,297,3.345,4
/A,TRP,302,/A,GLY,298,3.07,4
/A,LEU,303,/A,LEU,87,2.508,216
/A,LEU,303,/A,LEU,299,2.75,4
/A,LYS,304,/A,ARG,300,2.973,4
/A,ALA,305,/A,GLU,301,3.062,4
/A,ALA,306,/A,TRP,302,2.887,4
/A,HIS,307,/A,LEU,303,2.898,4
/A,LEU,308,/A,LYS,304,3.023,4
/A,SER,309,/A,ALA,305,2.948,4
/A,SER,309,/A,ALA,305,2.388,4
/A,VAL,310,/A,ALA,306,2.944,4
/A,HIS,311,/A,HIS,307,3.058,4
/A,VAL,312,/A,LEU,308,2.935,4
/A,PHE,313,/A,SER,309,2.806,4
/A,ASN,314,/A,VAL,310,2.966,4
/A,TRP,315,/A,HIS,311,2.919,4
/A,GLU,316,/A,VAL,312,2.824,4
/A,MET,317,/A,PHE,313,3.05,4
/A,ASP,318,/A,ASN,314,2.926,4
/A,LEU,319,/A,TRP,315,3.175,4
/A,GLU,320,/A,GLU,316,2.988,4
/A,HIS,321,/A,MET,317,2.794,4
/A,ARG,322,/A,ASP,318,3.184,4
/A,TYR,323,/A,ASP,318,2.84,5
/A,MET,327,/A,SER,324,3.089,3
/A,THR,328,/A,SER,324,2.895,4
/A,THR,328,/A,SER,324,2.29,4
/A,GLU,329,/A,ALA,325,2.984,4
/A,SER,330,/A,ALA,326,2.933,4
/A,HIS,331,/A,MET,327,2.832,4
/A,LYS,332,/A,THR,328,2.906,4
/A,SER,333,/A,GLU,329,2.925,4
/A,LEU,334,/A,SER,330,2.902,4
/A,THR,335,/A,HIS,331,3.019,4
/A,THR,335,/A,HIS,331,2.2,4
/A,THR,335,/A,LYS,332,3.468,3
/A,GLU,336,/A,LYS,332,2.981,4
/A,ARG,337,/A,SER,333,3.009,4
/A,ALA,338,/A,LEU,334,2.842,4
/A,ILE,339,/A,THR,335,3.005,4
/A,LEU,340,/A,GLU,336,3.098,4
/A,LEU,341,/A,ARG,337,2.909,4
/A,ALA,342,/A,ALA,338,2.802,4
/A,GLY,343,/A,ILE,339,3.185,4
/A,ALA,344,/A,LEU,341,3.01,3
/A,GLU,345,/A,ALA,342,3.294,3
/A,ALA,348,/A,ALA,344,2.888,4
/A,ALA,349,/A,GLU,345,3.265,4
/A,LYS,350,/A,ARG,347,3.338,3
/A,ARG,352,/A,ASP,378,1.985,26
/A,SER,355,/A,GLU,358,3.16,3
/A,GLU,358,/A,SER,355,3.034,3
/A,VAL,359,/A,SER,355,2.992,4
/A,PHE,360,/A,VAL,356,2.858,4
/A,ILE,361,/A,GLU,357,2.89,4
/A,ALA,362,/A,GLU,358,2.87,4
/A,LYS,363,/A,VAL,359,3.053,4
/A,ARG,364,/A,PHE,360,2.862,4
/A,TYR,365,/A,ILE,361,3.176,4
/A,LEU,367,/A,ALA,362,3.062,5
/A,VAL,371,/A,LEU,367,3.01,4
/A,CYS,372,/A,GLU,368,3.073,4
/A,CYS,373,/A,ARG,369,2.974,4
/A,CYS,373,/A,ARG,369,3.369,4
/A,ALA,374,/A,ALA,370,2.98,4
/A,LEU,375,/A,VAL,371,3.012,4
/A,GLU,376,/A,CYS,372,3.293,4
/A,GLU,376,/A,CYS,373,3.085,3
/A,GLN,377,/A,ALA,374,3.13,3
/A,LEU,381,/A,GLN,377,3.089,4
/A,THR,382,/A,ASP,378,2.861,4
/A,THR,382,/A,ASP,378,2.283,4
/A,ALA,383,/A,GLU,379,3.054,4
/A,LEU,384,/A,PHE,380,2.766,4
/A,LEU,385,/A,LEU,381,2.982,4
/A,ALA,386,/A,THR,382,2.969,4
/A,SER,387,/A,ALA,383,2.925,4
/A,SER,387,/A,ALA,383,3.241,4
/A,SER,387,/A,THR,390,3.119,3
/A,THR,390,/A,SER,387,3.201,3
/A,THR,390,/A,SER,387,2.423,3
/A,THR,390,/A,SER,387,3.119,3
/A,TYR,391,/A,PRO,388,3.167,3
/A,VAL,396,/A,PRO,393,2.945,3
/A,VAL,397,/A,PRO,393,3.084,4
/A,ALA,398,/A,PRO,394,2.919,4
/A,ILE,399,/A,VAL,396,3.118,3
/A,CYS,400,/A,VAL,397,3.183,3
/A,GLY,401,/A,ALA,398,3.222,3
/A,GLU,419,/A,SER,60,3.36,359