"","start_protein","start_amino_acid","start_position","end_protein","end_amino_acid","end_position","bond_length","distance_between"
"1","/A","TYR",9,"/A","ILE",4,3.219,5
"2","/A","ILE",10,"/A","ILE",5,2.983,5
"3","/A","CYS",23,"/A","HIS",70,2.883,47
"4","/A","CYS",24,"/A","HIS",70,3.027,46
"5","/A","GLN",25,"/A","VAL",63,2.937,38
"6","/A","PHE",27,"/A","VAL",61,2.902,34
"7","/A","LEU",48,"/A","ALA",43,2.807,5
"8","/A","ARG",49,"/A","TYR",64,2.773,15
"9","/A","ARG",49,"/A","LYS",65,3.185,16
"10","/A","ARG",49,"/A","CYS",68,2.619,19
"11","/A","GLN",51,"/A","LYS",62,2.811,11
"12","/A","GLN",51,"/A","LEU",72,3.549,21
"13","/A","VAL",53,"/A","CYS",60,2.613,7
"14","/A","CYS",60,"/A","VAL",53,2.652,7
"15","/A","VAL",61,"/A","PHE",27,3.172,34
"16","/A","LYS",62,"/A","GLN",51,2.807,11
"17","/A","VAL",63,"/A","GLN",25,2.927,38
"18","/A","TYR",64,"/A","ARG",49,2.728,15
"19","/A","LYS",65,"/A","CYS",23,2.798,42
"20","/A","LYS",65,"/A","GLY",20,2.892,45
"21","/A","GLN",66,"/A","GLY",47,3.081,19
"22","/A","LYS",76,"/A","TRP",974,3.259,898
"23","/A","LYS",76,"/A","VAL",877,2.837,801
"24","/A","LEU",78,"/A","VAL",976,2.995,898
"25","/A","SER",81,"/A","GLU",1033,3.262,952
"26","/A","SER",81,"/A","SER",1032,2.594,951
"27","/A","SER",81,"/A","GLU",1033,3.394,952
"28","/A","GLN",141,"/A","PHE",218,2.946,77
"29","/A","TYR",162,"/A","ASP",188,1.972,26
"30","/A","ARG",165,"/A","LEU",289,2.904,124
"31","/A","ARG",165,"/A","GLU",315,3.353,150
"32","/A","ILE",167,"/A","VAL",297,2.797,130
"33","/A","VAL",168,"/A","LEU",317,2.865,149
"34","/A","TYR",169,"/A","LEU",299,2.645,130
"35","/A","ASN",170,"/A","LEU",319,2.851,149
"36","/A","ASN",170,"/A","MET",303,2.445,133
"37","/A","ASN",170,"/A","ASN",320,3.368,150
"38","/A","ALA",171,"/A","SER",301,3.006,130
"39","/A","LYS",177,"/A","ALA",171,3.116,6
"40","/A","LYS",177,"/A","SER",301,2.945,124
"41","/A","CYS",189,"/A","SER",194,3.286,5
"42","/A","LYS",192,"/A","TYR",162,2.774,30
"43","/A","SER",194,"/A","CYS",189,2.933,5
"44","/A","VAL",196,"/A","ARG",130,3.057,66
"45","/A","LYS",197,"/A","SER",264,2.662,67
"46","/A","LYS",197,"/A","THR",241,2.063,44
"47","/A","ILE",198,"/A","PHE",242,2.723,44
"48","/A","MET",199,"/A","HIS",265,2.831,66
"49","/A","CYS",200,"/A","ILE",244,2.675,44
"50","/A","ILE",201,"/A","VAL",267,2.608,66
"51","/A","GLU",202,"/A","SER",246,2.68,44
"52","/A","GLN",204,"/A","ASP",542,3.31,338
"53","/A","ASN",211,"/A","GLU",202,3.057,9
"54","/A","ARG",214,"/A","ASP",176,3.481,38
"55","/A","ARG",214,"/A","ASP",176,2.245,38
"56","/A","THR",215,"/A","TYR",245,3.025,30
"57","/A","GLU",221,"/A","ALA",216,3.144,5
"58","/A","THR",226,"/A","GLU",221,3.163,5
"59","/A","THR",226,"/A","GLU",221,3.432,5
"60","/A","THR",226,"/A","GLU",221,2.766,5
"61","/A","GLY",228,"/A","ILE",243,2.532,15
"62","/A","ILE",229,"/A","ALA",236,3.243,7
"63","/A","GLN",230,"/A","TYR",245,2.8,15
"64","/A","GLN",230,"/A","PRO",125,3.535,105
"65","/A","ALA",236,"/A","ILE",229,2.897,7
"66","/A","SER",238,"/A","GLY",224,2.485,14
"67","/A","THR",241,"/A","GLY",224,2.875,17
"68","/A","THR",241,"/A","GLU",225,2.832,16
"69","/A","PHE",242,"/A","THR",226,2.825,16
"70","/A","ILE",243,"/A","THR",226,3.087,17
"71","/A","ILE",244,"/A","ILE",198,2.802,46
"72","/A","TYR",245,"/A","GLY",228,2.952,17
"73","/A","TYR",245,"/A","SER",178,3.115,67
"74","/A","TYR",245,"/A","THR",215,3.025,30
"75","/A","SER",246,"/A","CYS",200,2.811,46
"76","/A","SER",246,"/A","GLN",230,2.893,16
"77","/A","ARG",253,"/A","ASP",712,3.012,459
"78","/A","GLN",258,"/A","LEU",124,3.5,134
"79","/A","ASN",262,"/A","LEU",126,3.606,136
"80","/A","SER",264,"/A","LYS",197,3.037,67
"81","/A","SER",264,"/A","LYS",197,2.92,67
"82","/A","HIS",265,"/A","LYS",197,3.162,68
"83","/A","LEU",266,"/A","ARG",296,2.854,30
"84","/A","VAL",267,"/A","MET",199,2.745,68
"85","/A","VAL",268,"/A","VAL",298,2.82,30
"86","/A","ASN",269,"/A","ILE",201,2.91,68
"87","/A","ASN",269,"/A","GLU",202,3.041,67
"88","/A","VAL",271,"/A","LEU",300,3.028,29
"89","/A","ARG",296,"/A","SER",264,3.032,32
"90","/A","VAL",297,"/A","ARG",165,2.643,132
"91","/A","VAL",298,"/A","LEU",266,2.691,32
"92","/A","LEU",299,"/A","ILE",167,2.664,132
"93","/A","LEU",300,"/A","VAL",268,2.775,32
"94","/A","SER",301,"/A","TYR",169,2.968,132
"95","/A","SER",301,"/A","ASN",170,3.458,131
"96","/A","GLN",302,"/A","HIS",272,2.959,30
"97","/A","MET",303,"/A","ASN",170,2.813,133
"98","/A","LYS",308,"/A","HIS",274,2.332,34
"99","/A","LEU",317,"/A","VAL",166,2.942,151
"100","/A","GLN",318,"/A","THR",310,2.951,8
"101","/A","LEU",319,"/A","VAL",168,2.79,151
"102","/A","MET",321,"/A","ASN",170,2.648,151
"103","/A","ARG",330,"/A","VAL",625,3.182,295
"104","/A","SER",332,"/A","CYS",627,2.892,295
"105","/A","LEU",334,"/A","ILE",631,2.965,297
"106","/A","ILE",346,"/A","ILE",341,3.188,5
"107","/A","GLY",349,"/A","ASP",485,2.509,136
"108","/A","ARG",361,"/A","SER",405,1.822,44
"109","/A","ARG",366,"/A","LEU",397,3.203,31
"110","/A","ASN",367,"/A","ALA",362,3.1,5
"111","/A","TYR",377,"/A","HIS",423,2.713,46
"112","/A","ASP",396,"/A","TYR",391,3.158,5
"113","/A","ALA",398,"/A","ALA",392,2.776,6
"114","/A","ASN",401,"/A","GLY",431,3.689,30
"115","/A","TYR",402,"/A","ASP",371,2.683,31
"116","/A","HIS",404,"/A","LYS",409,2.745,5
"117","/A","SER",405,"/A","ASP",371,3.125,34
"118","/A","SER",405,"/A","ASP",371,3.189,34
"119","/A","SER",405,"/A","ASP",371,2.447,34
"120","/A","LYS",409,"/A","GLU",417,3.57,8
"121","/A","LYS",409,"/A","GLU",417,2.665,8
"122","/A","LYS",420,"/A","ALA",415,2.951,5
"123","/A","HIS",423,"/A","TYR",377,2.713,46
"124","/A","HIS",423,"/A","ASP",383,2.507,40
"125","/A","ALA",432,"/A","LEU",427,2.76,5
"126","/A","ASP",433,"/A","ASN",401,2.684,32
"127","/A","LEU",439,"/A","THR",407,3.379,32
"128","/A","ALA",444,"/A","PRO",434,2.982,10
"129","/A","ASN",451,"/A","GLU",417,3.589,34
"130","/A","ASN",453,"/A","ALA",448,3.017,5
"131","/A","ASN",453,"/A","SER",416,2.588,37
"132","/A","ASN",453,"/A","GLU",417,3.454,36
"133","/A","CYS",456,"/A","ASN",419,3.755,37
"134","/A","ARG",491,"/A","GLN",533,3.039,42
"135","/A","ARG",491,"/A","GLN",533,2.432,42
"136","/A","ASN",505,"/A","PRO",577,2.93,72
"137","/A","ILE",506,"/A","LYS",561,2.87,55
"138","/A","LEU",507,"/A","TYR",580,2.784,73
"139","/A","ILE",508,"/A","VAL",563,2.793,55
"140","/A","ILE",509,"/A","ILE",582,2.919,73
"141","/A","LEU",510,"/A","ALA",565,2.692,55
"142","/A","TYR",513,"/A","GLY",819,3.133,306
"143","/A","LYS",518,"/A","GLU",812,1.205,294
"144","/A","ASN",520,"/A","ASN",1062,3.123,542
"145","/A","SER",525,"/A","TRP",1211,3.099,686
"146","/A","HIS",526,"/A","SER",531,2.694,5
"147","/A","CYS",527,"/A","GLN",533,3.705,6
"148","/A","SER",531,"/A","HIS",526,2.918,5
"149","/A","SER",531,"/A","HIS",526,2.694,5
"150","/A","SER",531,"/A","HIS",526,2.725,5
"151","/A","LEU",532,"/A","HIS",526,3.038,6
"152","/A","SER",536,"/A","VAL",560,3.02,24
"153","/A","SER",536,"/A","THR",559,2.943,23
"154","/A","PHE",538,"/A","VAL",562,2.802,24
"155","/A","LEU",540,"/A","LEU",564,2.823,24
"156","/A","TYR",548,"/A","GLU",822,2.466,274
"157","/A","THR",559,"/A","SER",536,2.943,23
"158","/A","LYS",561,"/A","ASN",505,3.037,56
"159","/A","LYS",561,"/A","ALA",555,3.503,6
"160","/A","VAL",562,"/A","SER",536,2.7,26
"161","/A","VAL",563,"/A","ILE",506,2.823,57
"162","/A","LEU",564,"/A","PHE",538,2.78,26
"163","/A","ALA",565,"/A","ILE",508,2.798,57
"164","/A","THR",566,"/A","LEU",540,3.08,26
"165","/A","SER",571,"/A","ASP",270,2.963,301
"166","/A","CYS",573,"/A","LEU",173,3.7,400
"167","/A","LYS",579,"/A","ASN",505,3.099,74
"168","/A","TYR",580,"/A","ASN",505,3.18,75
"169","/A","TYR",580,"/A","TYR",496,2.072,84
"170","/A","GLN",581,"/A","GLN",626,3.02,45
"171","/A","ILE",582,"/A","LEU",507,2.739,75
"172","/A","ASP",583,"/A","PHE",628,2.755,45
"173","/A","THR",584,"/A","ILE",509,3.295,75
"174","/A","THR",584,"/A","ILE",509,2.946,75
"175","/A","CYS",586,"/A","PRO",475,3.53,111
"176","/A","ARG",587,"/A","GLU",604,2.965,17
"177","/A","ASN",589,"/A","ARG",602,2.974,13
"178","/A","ASN",590,"/A","ASP",601,3.052,11
"179","/A","VAL",591,"/A","ASP",600,2.725,9
"180","/A","TYR",592,"/A","THR",649,2.62,57
"181","/A","ASP",593,"/A","SER",598,2.889,5
"182","/A","CYS",597,"/A","HIS",686,3.78,89
"183","/A","SER",598,"/A","ASP",593,3.364,5
"184","/A","ASP",600,"/A","VAL",591,2.724,9
"185","/A","ARG",602,"/A","ASN",589,2.845,13
"186","/A","GLU",604,"/A","ARG",587,3.04,17
"187","/A","VAL",606,"/A","ALA",585,2.934,21
"188","/A","LYS",608,"/A","SER",640,2.998,32
"189","/A","LYS",608,"/A","GLU",641,3.22,33
"190","/A","ASP",609,"/A","GLU",641,3.096,32
"191","/A","ARG",613,"/A","GLU",570,3.19,43
"192","/A","ARG",614,"/A","ASP",583,2.831,31
"193","/A","GLN",626,"/A","LYS",579,3.119,47
"194","/A","CYS",627,"/A","ARG",330,2.833,297
"195","/A","PHE",628,"/A","GLN",581,2.688,47
"196","/A","ARG",629,"/A","SER",332,2.794,297
"197","/A","LEU",630,"/A","ASP",583,2.811,47
"198","/A","SER",643,"/A","ASP",609,2.985,34
"199","/A","SER",643,"/A","ASP",609,2.933,34
"200","/A","SER",643,"/A","ASP",609,3.393,34
"201","/A","LYS",654,"/A","ILE",713,2.69,59
"202","/A","LYS",660,"/A","THR",666,3.419,6
"203","/A","ILE",668,"/A","GLU",701,3.505,33
"204","/A","TYR",671,"/A","GLU",284,2.157,387
"205","/A","SER",677,"/A","ASP",279,2.716,398
"206","/A","LYS",692,"/A","ASP",699,3.183,7
"207","/A","LYS",693,"/A","ASP",970,2.67,277
"208","/A","LYS",693,"/A","ASP",970,2.252,277
"209","/A","VAL",696,"/A","LEU",691,2.83,5
"210","/A","LEU",697,"/A","LEU",691,3.134,6
"211","/A","THR",704,"/A","VAL",696,3.054,8
"212","/A","THR",704,"/A","ASP",695,2.75,9
"213","/A","THR",704,"/A","VAL",696,2.934,8
"214","/A","ARG",709,"/A","ASP",118,2.363,591
"215","/A","CYS",717,"/A","ASP",653,3.386,64
"216","/A","GLN",718,"/A","TYR",871,3.315,153
"217","/A","ARG",730,"/A","ASN",851,3.019,121
"218","/A","ARG",730,"/A","ASN",851,3.369,121
"219","/A","CYS",731,"/A","GLY",726,2.803,5
"220","/A","CYS",731,"/A","GLY",726,3.953,5
"221","/A","CYS",731,"/A","MET",861,3.954,130
"222","/A","LEU",732,"/A","LEU",852,3.34,120
"223","/A","ASP",733,"/A","ASN",853,2.631,120
"224","/A","ASN",758,"/A","TYR",463,2.944,295
"225","/A","GLN",768,"/A","PRO",751,2.726,17
"226","/A","ARG",775,"/A","ASP",746,3.49,29
"227","/A","ARG",775,"/A","ASP",785,3.04,10
"228","/A","GLN",782,"/A","PHE",1040,3.437,258
"229","/A","SER",784,"/A","THR",932,2.81,148
"230","/A","ASP",785,"/A","ALA",931,2.9,146
"231","/A","HIS",786,"/A","THR",932,2.556,146
"232","/A","HIS",786,"/A","ASN",922,2.962,136
"233","/A","ARG",791,"/A","LEU",778,2.84,13
"234","/A","LYS",794,"/A","PRO",1044,2.948,250
"235","/A","TRP",796,"/A","ASN",818,2.717,22
"236","/A","GLN",797,"/A","THR",1050,3.688,253
"237","/A","LEU",809,"/A","TYR",1160,2.791,351
"238","/A","LEU",840,"/A","LEU",835,2.961,5
"239","/A","HIS",842,"/A","LEU",847,2.83,5
"240","/A","HIS",842,"/A","CYS",1003,2.973,161
"241","/A","LYS",846,"/A","TRP",1009,2.999,163
"242","/A","MET",855,"/A","ARG",730,2.727,125
"243","/A","TYR",871,"/A","ASP",970,2.206,99
"244","/A","TYR",875,"/A","ILE",919,2.768,44
"245","/A","ALA",876,"/A","LYS",885,2.745,9
"246","/A","VAL",877,"/A","PRO",917,2.733,40
"247","/A","ASP",878,"/A","SER",883,2.802,5
"248","/A","LYS",881,"/A","GLU",73,2.962,808
"249","/A","SER",882,"/A","ASN",908,1.158,26
"250","/A","SER",883,"/A","ASP",878,3.089,5
"251","/A","LYS",885,"/A","ALA",876,2.754,9
"252","/A","SER",886,"/A","ARG",69,3.406,817
"253","/A","SER",893,"/A","SER",926,2.713,33
"254","/A","SER",893,"/A","SER",926,3.401,33
"255","/A","SER",893,"/A","HIS",927,2.479,34
"256","/A","HIS",895,"/A","ILE",928,2.8,33
"257","/A","THR",898,"/A","ASP",785,2.722,113
"258","/A","VAL",899,"/A","ASP",785,2.976,114
"259","/A","THR",916,"/A","VAL",934,2.398,18
"260","/A","ILE",919,"/A","TYR",875,2.817,44
"261","/A","VAL",920,"/A","THR",932,2.841,12
"262","/A","CYS",921,"/A","ASN",873,3.005,48
"263","/A","CYS",921,"/A","ASN",873,4.013,48
"264","/A","ASN",922,"/A","TYR",930,2.822,8
"265","/A","ARG",923,"/A","SER",596,3.021,327
"266","/A","ARG",923,"/A","SER",596,2.357,327
"267","/A","GLN",924,"/A","ASP",600,3.065,324
"268","/A","ILE",928,"/A","SER",893,2.669,35
"269","/A","VAL",929,"/A","ASN",922,2.84,7
"270","/A","TYR",930,"/A","ASP",746,3.159,184
"271","/A","ALA",931,"/A","ASP",785,2.746,146
"272","/A","THR",932,"/A","VAL",920,2.74,12
"273","/A","THR",932,"/A","SER",784,2.81,148
"274","/A","THR",932,"/A","HIS",786,2.556,146
"275","/A","LEU",933,"/A","PHE",783,3.442,150
"276","/A","VAL",934,"/A","TRP",918,2.988,16
"277","/A","CYS",954,"/A","ASN",966,2.932,12
"278","/A","VAL",965,"/A","MET",977,2.578,12
"279","/A","ASN",966,"/A","CYS",954,2.916,12
"280","/A","VAL",967,"/A","MET",975,2.737,8
"281","/A","TRP",974,"/A","LEU",72,2.984,902
"282","/A","MET",975,"/A","VAL",967,2.848,8
"283","/A","VAL",976,"/A","LYS",76,2.74,900
"284","/A","MET",977,"/A","VAL",965,3.036,12
"285","/A","LYS",979,"/A","ARG",963,3.276,16
"286","/A","ARG",989,"/A","HIS",945,2.771,44
"287","/A","TRP",1009,"/A","HIS",1002,2.751,7
"288","/A","GLN",1018,"/A","SER",96,3.691,922
"289","/A","TYR",1019,"/A","LEU",728,2.477,291
"290","/A","SER",1032,"/A","SER",81,2.594,951
"291","/A","PHE",1039,"/A","ASP",1034,2.876,5
"292","/A","LEU",1058,"/A","GLU",822,3.051,236
"293","/A","LEU",1059,"/A","TYR",548,3.289,511
"294","/A","GLU",1088,"/A","ASN",1127,2.587,39
"295","/A","GLN",1090,"/A","HIS",1129,2.757,39
"296","/A","PHE",1092,"/A","PHE",1131,2.642,39
"297","/A","VAL",1093,"/A","ALA",1191,2.844,98
"298","/A","LEU",1094,"/A","ILE",1133,2.616,39
"299","/A","TYR",1095,"/A","MET",1189,2.991,94
"300","/A","ALA",1096,"/A","TYR",1135,2.931,39
"301","/A","CYS",1100,"/A","SER",1144,3.617,44
"302","/A","ARG",1128,"/A","GLN",1090,2.11,38
"303","/A","HIS",1129,"/A","GLU",1088,2.76,41
"304","/A","PHE",1131,"/A","GLN",1090,2.618,41
"305","/A","VAL",1132,"/A","SER",1146,2.551,14
"306","/A","ILE",1133,"/A","PHE",1092,2.503,41
"307","/A","LEU",1134,"/A","SER",1144,2.892,10
"308","/A","TYR",1135,"/A","LEU",1094,2.901,41
"309","/A","ARG",1136,"/A","MET",1141,2.761,5
"310","/A","MET",1141,"/A","ARG",1136,2.872,5
"311","/A","MET",1142,"/A","ILE",1165,2.62,23
"312","/A","LEU",1143,"/A","LEU",1134,2.682,9
"313","/A","ILE",1145,"/A","PHE",1161,2.994,16
"314","/A","SER",1146,"/A","VAL",1132,2.694,14
"315","/A","ARG",1147,"/A","GLN",1158,2.751,11
"316","/A","ARG",1147,"/A","TYR",1160,3.555,13
"317","/A","ALA",1148,"/A","ILE",1130,2.867,18
"318","/A","LYS",1149,"/A","MET",1156,2.695,7
"319","/A","LYS",1149,"/A","SER",1066,3.393,83
"320","/A","ASN",1152,"/A","GLU",1070,3.134,82
"321","/A","MET",1156,"/A","LYS",1149,2.544,7
"322","/A","GLN",1158,"/A","ARG",1147,2.712,11
"323","/A","TYR",1160,"/A","ILE",1145,2.743,15
"324","/A","PHE",1161,"/A","ILE",1145,3.32,16
"325","/A","ARG",1162,"/A","GLU",1101,2.794,61
"326","/A","ASN",1163,"/A","LEU",1143,2.966,20
"327","/A","ILE",1165,"/A","MET",1142,2.997,23
"328","/A","VAL",1167,"/A","ASP",1140,3.11,27
"329","/A","VAL",1179,"/A","CYS",1174,2.914,5
"330","/A","ALA",1191,"/A","VAL",1093,3.001,98
"331","/A","ILE",1193,"/A","PHE",1091,3.104,102
"332","/A","ARG",1208,"/A","GLU",1169,2.719,39
"333","/A","HIS",1209,"/A","ARG",1162,2.748,47
"334","/A","TRP",1211,"/A","ALA",1206,2.717,5
"335","/A","TRP",1211,"/A","LYS",810,2.486,401
"336","/A","ILE",1212,"/A","ALA",1206,3.362,6
"337","/A","HIS",1213,"/A","ILE",352,3.086,861
